item,beauty_mean,Theme,Category,Valence_mean,Arousal_mean,beauty_SD,N,subset,women_beauty_mean,men_beauty_mean,gender_diff_beauty,,
1,4.86,Acorns1,Object,4.69,2.35,1.479892638,140,subset2,4.8125,4.907895,-0.095395,,
2,4.20,Acorns2,Object,4.52,2.23,1.443968424,104,subset4,4.592593,4.78,-0.187407,,
3,5.16,Acorns3,Object,4.75,2.31,1.373372102,368,subset1,5.708791,5.994565,-0.285774,,
4,3.48,Alcohol1,Object,4.69,2.87,1.131023678,145,subset3,4.60989,4.315217,0.294673,,
5,4.30,Alcohol2,Object,4.25,3.00,1.677259714,104,subset4,4.314815,4.04,0.274815,,
6,4.45,Alcohol3,Object,4.17,2.35,1.594162943,104,subset4,4.740741,4.68,0.060741,,
7,5.05,Alcohol4,Object,4.77,2.87,1.49195211,368,subset1,3.820896,4.402597,-0.581701,,
8,5.19,Alcohol5,Object,5.33,3.55,1.220749723,145,subset3,3.65625,4.223684,-0.567434,,
9,4.41,Alcohol6,Object,4.54,2.64,1.511191756,104,subset4,3.925373,3.766234,0.159139,,
10,4.68,Alcohol7,Object,4.48,3.13,1.469855175,104,subset4,3.859375,3.947368,-0.087993,,
11,5.41,Alcohol8,Object,5.48,3.80,1.404642628,104,subset4,3.656716,3.519481,0.137235,,
12,3.37,Ambulance1,Object,2.33,4.16,1.808623854,140,subset2,4.044776,4.233766,-0.18899,,
13,2.88,Ambulance2,Object,3.18,3.41,1.4417608,140,subset2,5.074074,5.78,-0.705926,,
14,3.33,Ambulance3,Object,3.29,3.61,1.676939904,140,subset2,3.492537,3.805195,-0.312658,,
15,3.39,Angryface1,Person,3.38,3.26,1.697618373,104,subset4,3.549451,3.755435,-0.205984,,
16,2.88,Angryface2,Person,3.08,3.53,1.511063237,368,subset1,5.21875,5.526316,-0.307566,,
17,2.21,Angryface3,Person,2.50,3.66,1.462416151,368,subset1,4.759259,5.1,-0.340741,,
18,2.08,Angryface4,Person,2.49,3.87,1.439763456,140,subset2,5.104478,5.194805,-0.090327,,
19,3.01,Angryface5,Person,2.85,3.55,1.584130722,368,subset1,4.166667,4.42,-0.253333,,
20,2.59,Angrypose1,Person,2.81,3.62,1.325479744,145,subset3,2.4375,2.026316,0.411184,,6
21,4.03,Angrypose2,Person,2.81,3.72,1.816971682,368,subset1,1.970149,1.818182,0.151967,,
22,2.49,Animalcarcass1,Animal,2.72,3.77,1.59041068,145,subset3,4.277778,4.76,-0.482222,,
23,2.48,Animalcarcass2,Animal,3.25,4.03,1.323418597,145,subset3,2.029851,1.87013,0.159721,,
24,3.39,Animalcarcass3,Animal,2.75,4.42,1.845583914,104,subset4,3.546875,3.223684,0.323191,,
25,4.51,Animalcarcass4,Animal,3.79,4.20,1.721760491,368,subset1,2.484375,1.75,0.734375,,
26,1.98,Animalcarcass5,Animal,1.62,4.48,1.414081535,104,subset4,2.537037,2.2,0.337037,,
27,2.49,Animalcarcass6,Animal,2.40,4.72,1.641972228,145,subset3,2.62963,2.2,0.42963,,
28,4.16,Archery1,Person,4.29,3.75,1.673634859,145,subset3,4.046875,3.447368,0.599507,,
29,3.57,Archery2,Person,4.81,3.46,1.427628315,145,subset3,3.833333,2.88,0.953333,,
30,5.74,Astronaut1,Person,5.71,4.57,1.494294601,104,subset4,4.016484,3.853261,0.163223,,
31,4.20,Astronaut2,Person,5.14,3.67,1.470085399,140,subset2,3.552239,3.844156,-0.291917,,
32,5.38,Baby1,Person,6.18,4.09,1.608881251,104,subset4,3.328125,3.342105,-0.01398,,
33,5.45,Baby2,Person,6.03,3.66,1.405666846,140,subset2,3.259259,3.04,0.219259,,
34,5.53,Baby3,Person,5.84,4.12,1.434993056,368,subset1,2.238806,2.12987,0.108936,,
35,5.47,Baby4,Person,5.92,4.27,1.533523976,140,subset2,2.984375,2.789474,0.194901,,
36,5.29,Baby5,Person,6.14,3.72,1.420739063,140,subset2,5.686567,5.792208,-0.105641,,
37,5.45,Baby6,Person,6.05,3.65,1.518826696,140,subset2,5.203125,5.421053,-0.217928,,
38,3.81,Baby7,Person,2.97,4.25,1.707077916,104,subset4,5.641791,6.194805,-0.553014,,
39,5.43,Baby8,Person,6.10,3.92,1.532839105,368,subset1,5.611111,5.72,-0.108889,,
40,5.38,Baby9,Person,5.85,3.64,1.416591599,140,subset2,5.53125,6.144737,-0.613487,,
41,5.75,Baby10,Person,5.42,3.89,1.175744649,145,subset3,4.666667,5.06,-0.393333,,
42,4.26,Band1,Person,4.87,3.01,1.394258434,368,subset1,4.171875,3.815789,0.356086,,
43,4.47,Band2,Person,5.16,3.84,1.58305766,368,subset1,4.917582,5.23913,-0.321548,,
44,4.60,Bar1,Scene,4.90,3.46,1.475200255,368,subset1,4.774725,5,-0.225275,,
45,4.45,Bar2,Scene,4.75,3.79,1.667829331,140,subset2,4.921875,5.394737,-0.472862,,
46,3.93,Bar3,Scene,4.49,3.26,1.460855782,145,subset3,3.296875,3.355263,-0.058388,,
47,3.63,Barbeque1,Person,4.72,3.08,1.570148035,140,subset2,4.925373,5.25974,-0.334367,,
48,4.01,Barbeque2,Person,5.15,3.13,1.665476612,368,subset1,5.140625,5.578947,-0.438322,,
49,4.04,Bark1,Object,4.04,2.07,1.494786598,145,subset3,4.967033,5.304348,-0.337315,,
50,4.07,Bark2,Object,4.26,2.12,1.598844136,368,subset1,4.6875,5.223684,-0.536184,,
51,4.38,Bark3,Object,4.63,2.09,1.514761216,140,subset2,3.978022,3.994565,-0.016543,,
52,4.35,Bark4,Object,4.24,2.24,1.469745984,145,subset3,5.140625,5.381579,-0.240954,,
53,4.39,Bark5,Object,4.20,2.06,1.535459637,104,subset4,5.253731,5.558442,-0.304711,,
54,4.23,Bark6,Object,4.26,2.20,1.54921628,368,subset1,5.507463,5.519481,-0.012018,,
55,4.63,Barrels1,Object,4.21,2.47,1.533999785,104,subset4,4.296875,4.302632,-0.005757,,
56,3.46,BDSM1,Person,4.33,4.55,1.683336178,145,subset3,4.791045,4.61039,0.180655,,
57,3.33,BDSM2,Person,3.93,4.30,1.650148025,145,subset3,3.537037,3.24,0.297037,,
58,3.14,BDSM3,Person,3.95,4.22,1.770405413,104,subset4,4.238806,4.61039,-0.371584,,
59,6.43,Beach1,Scene,6.37,4.74,1.012044325,145,subset3,5.425926,4.3,1.125926,,
60,6.50,Beach2,Scene,6.32,4.14,0.933770422,368,subset1,4.765625,4.473684,0.291941,,
61,5.82,Beach3,Scene,5.51,3.81,1.188655299,104,subset4,4.059701,4.233766,-0.174065,,
62,5.44,Beach4,Scene,5.93,3.63,1.384449683,140,subset2,3.578125,3.565789,0.012336,,
63,5.45,Beach5,Scene,5.59,3.36,1.173161091,104,subset4,3.895522,4.155844,-0.260322,,
64,5.27,Beach6,Scene,6.06,3.89,1.220514307,145,subset3,4.62963,5.08,-0.45037,,
65,5.69,Beach7,Scene,6.07,4.31,1.216767912,140,subset2,4.552239,5.25974,-0.707501,,
66,5.74,Beach8,Scene,5.85,3.89,1.277096162,104,subset4,5.402985,5.701299,-0.298314,,
67,5.29,Bear1,Animal,5.15,3.34,1.058237011,104,subset4,5.149254,5.532468,-0.383214,,
68,5.43,Bear2,Animal,4.42,3.78,1.206146455,145,subset3,3.038462,2.717391,0.321071,,
69,5.69,Bear3,Animal,5.47,4.32,1.21541014,104,subset4,5.119403,5.623377,-0.503974,,
70,3.46,Bed1,Object,4.02,2.99,1.615209885,368,subset1,4.631868,4.630435,0.001433,,
71,4.54,Bee1,Animal,3.65,3.62,1.763468489,368,subset1,3.888889,4.1,-0.211111,,
72,4.38,Biking1,Person,5.09,3.57,1.533999785,104,subset4,4.953125,5.394737,-0.441612,,
73,4.30,Billiards1,Object,4.52,2.57,1.458329228,145,subset3,4.277778,4.72,-0.442222,,
74,5.99,Bird1,Animal,5.91,3.01,1.217295707,140,subset2,5.125,5.302632,-0.177632,,
75,5.73,Bird2,Animal,5.48,3.70,1.237363566,368,subset1,2.515625,1.868421,0.647204,,
76,5.66,Bird3,Animal,6.04,3.43,1.195881552,368,subset1,2.546875,1.868421,0.678454,,
77,5.79,Bird4,Animal,5.55,3.57,1.148045148,145,subset3,3.225275,3.298913,-0.073638,,
78,4.65,Bird5,Animal,4.47,4.45,1.486307935,104,subset4,2.685185,2.18,0.505185,,
79,5.10,Birthday1,Scene,5.78,3.46,1.304667879,140,subset2,2.17033,2.228261,-0.057931,,
80,4.29,Birthday2,Person,5.33,3.38,1.682909358,145,subset3,5.018519,5.5,-0.481481,,
81,4.99,Birthday3,Scene,5.57,3.43,1.285529543,145,subset3,4.917582,5.027174,-0.109592,,
82,2.89,Bloodyknife1,Object,1.84,4.54,1.912861138,368,subset1,4.507463,4.766234,-0.258771,,
83,2.32,Bloodyknife2,Object,2.26,3.90,1.55851776,368,subset1,5.055556,5.78,-0.724444,,
84,5.46,Boat1,Object,4.57,2.80,1.2077337,145,subset3,4.074074,4.16,-0.085926,,
85,2.26,Boredface1,Person,3.65,2.38,1.267244869,140,subset2,5.925926,6.48,-0.554074,,
86,3.25,Boredpose1,Person,3.56,2.92,1.541395238,140,subset2,4.93956,5.233696,-0.294136,,
87,2.66,Boredpose2,Person,3.19,2.74,1.376110222,140,subset2,5.685185,6.3,-0.614815,,
88,3.03,Boredpose3,Person,3.09,2.71,1.554553167,104,subset4,4.417582,4.722826,-0.305244,,
89,3.06,Boredpose4,Person,3.13,3.02,1.43749063,145,subset3,4.120879,4.233696,-0.112817,,
90,3.80,Boredpose5,Person,3.80,3.04,1.320774184,145,subset3,2.125,2.039474,0.085526,,
91,4.75,Boredpose6,Person,4.56,3.39,1.540550876,368,subset1,3.611111,3.18,0.431111,,
92,3.16,Bottle1,Object,4.18,2.16,1.566789846,140,subset2,3.38806,3.181818,0.206242,,
93,3.37,Boxing1,Person,3.74,3.89,1.494498212,145,subset3,3.185185,3.16,0.025185,,
94,3.90,Boxing2,Person,3.70,4.20,1.657678246,368,subset1,4.445055,5.032609,-0.587554,,
95,3.79,Bricks1,Object,4.16,1.81,1.555903739,104,subset4,5.268657,5.571429,-0.302772,,
96,6.14,Bridge1,Scene,5.89,3.55,1.068761949,368,subset1,5.298507,5.584416,-0.285909,,
97,4.94,Bubble1,Object,4.79,3.08,1.63685395,140,subset2,5.333333,5.76,-0.426667,,
98,5.17,Bubble2,Object,5.00,3.04,1.148754114,145,subset3,4.759259,5.12,-0.360741,,
99,5.46,Building1,Scene,5.04,3.20,1.305061693,140,subset2,5.131868,5.103261,0.028607,,
100,5.85,Building2,Scene,4.80,3.17,1.179733369,368,subset1,5.166667,5.6,-0.433333,,
101,4.47,Bungeejumping1,Person,4.20,4.56,1.548145322,368,subset1,2.873626,3.119565,-0.245939,,
102,4.18,Bungeejumping2,Person,4.76,4.65,1.56269883,104,subset4,4.703297,4.918478,-0.215181,,
103,4.71,Bungeejumping3,Person,5.11,4.36,1.530740521,104,subset4,5.43956,5.836957,-0.397397,,
104,4.11,Camping1,Person,5.60,3.25,1.491258051,145,subset3,3.75,3.684211,0.065789,,
105,3.96,Camping2,Person,4.96,3.18,1.471116222,140,subset2,5.037037,4.88,0.157037,,
106,3.83,Camping3,Person,5.02,2.98,1.4044265,145,subset3,4.521978,5.01087,-0.488892,,
107,3.91,Camping4,Person,5.66,3.23,1.544991577,140,subset2,3.61194,4.051948,-0.440008,,
108,3.57,Camping6,Person,3.88,3.14,1.526678462,145,subset3,3.518519,3,0.518519,,
109,4.13,Camping7,Person,5.22,2.98,1.385716684,145,subset3,4.703704,4.96,-0.256296,,
110,3.64,Camping8,Person,3.56,3.73,1.493857154,145,subset3,4.247253,4.461957,-0.214704,,
111,3.66,Camping9,Person,3.99,3.50,1.540425908,368,subset1,5.134328,5.467532,-0.333204,,
112,5.39,Camping10,Scene,4.94,3.77,1.295180409,140,subset2,4.296296,4.1,0.196296,,
113,4.92,Candle1,Object,5.05,3.31,1.51812549,104,subset4,2.58209,2.584416,-0.002326,,
114,5.12,Car1,Object,5.23,4.33,1.504081293,145,subset3,5.208791,5.565217,-0.356426,,
115,4.29,Car2,Object,3.92,2.87,1.568333956,104,subset4,3.962963,4.62,-0.657037,,
116,2.21,Caraccident1,Object,2.15,4.10,1.312834893,140,subset2,4.895522,5.181818,-0.286296,,
117,1.90,Caraccident2,Object,1.97,4.09,1.168594466,145,subset3,4.592593,5.12,-0.527407,,
118,4.51,Caraccident3,Object,2.68,4.50,1.800729045,104,subset4,5.125,5.5,-0.375,,
119,1.94,Caraccident4,Object,2.03,3.96,1.07510135,145,subset3,4.907407,5.06,-0.152593,,
120,2.09,Carcrash1,Scene,1.85,4.55,1.396221593,140,subset2,4.736264,4.820652,-0.084388,,
121,2.38,Carcrash2,Scene,1.99,4.21,1.435929387,104,subset4,5.456044,5.755435,-0.299391,,
122,2.42,Carcrash3,Scene,2.03,4.66,1.452766412,104,subset4,1.752747,1.717391,0.035356,,
123,3.72,Carrace1,Scene,4.39,3.21,1.679619078,140,subset2,2.285714,2.413043,-0.127329,,
124,3.38,Carrace2,Scene,4.37,3.59,1.614181689,104,subset4,3.730769,4.320652,-0.589883,,
125,3.93,Carrace3,Scene,4.40,3.69,1.571575497,368,subset1,2.029851,1.922078,0.107773,,
126,3.69,Carrace4,Scene,4.15,3.48,1.605187949,145,subset3,3.984375,3.960526,0.023849,,
127,3.34,Cardboard1,Object,4.02,1.98,1.594102053,140,subset2,3.53125,4.157895,-0.626645,,
128,3.15,Cardboard2,Object,4.01,2.07,1.562728699,104,subset4,3.351852,3.04,0.311852,,
129,2.17,Cardboard3,Object,3.75,1.86,1.340319342,145,subset3,3.537037,4.12,-0.582963,,
130,5.75,Cat1,Animal,5.42,3.84,1.18749874,145,subset3,3.5,3.24,0.26,,
131,5.32,Cat2,Animal,5.50,3.98,1.326367122,140,subset2,3.686813,4.559783,-0.87297,,
132,5.94,Cat3,Animal,6.00,4.22,0.994573399,145,subset3,5.19403,5.155844,0.038186,,
133,5.66,Cat4,Animal,5.84,3.53,1.348214043,104,subset4,4.375,4.381579,-0.006579,,
134,5.86,Cat5,Animal,6.22,4.86,1.264972001,140,subset2,4.722222,4.66,0.062222,,
135,4.86,Cat6,Animal,4.72,4.03,1.437488838,104,subset4,2.656716,2.363636,0.29308,,
136,3.98,Cat7,Animal,3.32,4.41,1.723589433,140,subset2,4.925373,5.233766,-0.308393,,
137,5.08,Cat8,Animal,4.76,3.63,1.589778615,368,subset1,4.328358,4.558442,-0.230084,,
138,4.90,Cat9,Animal,5.33,3.61,1.498478872,368,subset1,4.5625,5.078947,-0.516447,,
139,5.18,Cat10,Animal,5.45,3.43,1.499486037,140,subset2,4.71875,4.671053,0.047697,,
140,5.09,Cat11,Animal,5.37,3.60,1.295919029,145,subset3,4.740741,4.38,0.360741,,
141,5.38,Cat12,Animal,5.19,3.38,1.4517063,140,subset2,4.298507,4.675325,-0.376818,,
142,5.14,Cat13,Animal,5.46,3.72,1.377052162,368,subset1,4.828125,4.447368,0.380757,,
143,4.98,Cat14,Animal,5.71,4.01,1.514761216,140,subset2,2.716418,2.506494,0.209924,,
144,3.99,Celebration1,Person,5.32,3.80,1.48375079,368,subset1,2.703125,2.276316,0.426809,,
145,5.27,Celebration2,Scene,4.89,4.16,1.334882622,140,subset2,2.611111,2.32,0.291111,,
146,5.43,Cemetery1,Scene,4.11,3.49,1.517238114,145,subset3,2.716418,2.25974,0.456678,,
147,5.51,Cemetery2,Scene,3.99,4.21,1.616397062,145,subset3,2.850746,3,-0.149254,,
148,4.30,Cemetery3,Scene,2.94,3.63,1.724558123,140,subset2,2.462963,2.14,0.322963,,
149,4.70,Cemetery4,Scene,2.79,4.34,1.612986094,145,subset3,3.407407,2.96,0.447407,,
150,4.42,Cemetery5,Scene,2.51,4.70,1.702404205,145,subset3,2.238806,1.844156,0.39465,,
151,4.88,Cheerleader1,Person,5.29,4.28,1.708389876,104,subset4,3.730769,3.951087,-0.220318,,
152,4.61,Cheerleader2,Person,5.20,4.13,1.571767225,140,subset2,2.373134,2.363636,0.009498,,
153,4.14,Childlabor1,Person,4.26,3.28,1.522877897,145,subset3,2.104396,1.853261,0.251135,,
154,3.57,Childlabor2,Person,2.82,3.65,1.726404577,140,subset2,5.746269,5.961039,-0.21477,,
155,4.02,Childlabor3,Person,4.09,3.50,1.445630224,145,subset3,3.833333,4.06,-0.226667,,
156,4.85,Childlabor4,Person,4.02,3.04,1.568929081,104,subset4,3.518519,3.12,0.398519,,
157,4.94,Children1,Person,5.72,3.52,1.477707918,145,subset3,3.574074,3.2,0.374074,,
158,5.57,Chipmunk1,Animal,5.41,3.28,1.084901606,145,subset3,3.214286,3.277174,-0.062888,,
159,5.36,Chipmunk2,Animal,5.74,4.23,1.25097663,145,subset3,5.850746,6.077922,-0.227176,,
160,5.39,Chipmunk3,Animal,5.53,3.72,1.237078811,145,subset3,3.407407,3.14,0.267407,,
161,4.64,City1,Scene,4.44,3.14,1.589480509,368,subset1,3.234375,3.605263,-0.370888,,
162,3.99,Clean1,Object,5.05,2.37,1.639886287,104,subset4,3.574074,3.24,0.334074,,
163,5.19,Cliffdiver1,Person,4.83,4.85,1.291346008,140,subset2,2.859375,2.842105,0.01727,,
164,4.49,Cliffdiver2,Person,5.11,4.09,1.520061268,104,subset4,3.037037,2.84,0.197037,,
165,5.22,Cliffdiver3,Person,5.12,4.75,1.314380107,140,subset2,2.890625,3.065789,-0.175164,,
166,2.16,Cockroach1,Animal,2.06,4.35,1.557579354,140,subset2,2.597015,2.805195,-0.20818,,
167,2.18,Cockroach2,Animal,2.26,4.11,1.53738944,140,subset2,3.21875,2.986842,0.231908,,
168,3.27,Cockroach3,Animal,2.45,3.94,1.8384086,368,subset1,4.60989,4.407609,0.202281,,
169,2.44,Cockroach4,Animal,2.28,3.94,1.671154029,104,subset4,3,3.363636,-0.363636,,
170,5.25,Coffee1,Object,5.55,3.80,1.19667825,104,subset4,5.153846,5.369565,-0.215719,,
171,4.98,Cold1,Object,3.99,3.48,1.513589569,368,subset1,5.373134,5.909091,-0.535957,,
172,4.63,Cold2,Object,4.73,2.59,1.235723065,145,subset3,5.098901,5.125,-0.026099,,
173,5.40,Cold3,Object,4.88,2.80,1.622171808,104,subset4,5.671642,6.285714,-0.614072,,
174,4.12,Cold4,Object,5.07,2.96,1.559858671,104,subset4,5.425926,5.38,0.045926,,
175,6.19,Cold5,Scene,5.49,3.20,0.986086932,104,subset4,5.82967,6.081522,-0.251852,,
176,5.08,Cold6,Person,4.96,4.29,1.32095724,368,subset1,5.686813,6.048913,-0.3621,,
177,5.98,Cold7,Person,5.29,3.39,1.276986511,104,subset4,5.115385,5.293478,-0.178093,,
178,4.57,Cold8,Object,5.52,3.49,1.44863277,368,subset1,4.313187,4.63587,-0.322683,,
179,4.18,Collaboration1,Person,5.43,3.35,1.561458159,368,subset1,2.37037,1.56,0.81037,,
180,3.40,Cottonswabs1,Object,4.10,2.19,1.698195677,104,subset4,4.984375,5.434211,-0.449836,,
181,3.26,Cottonswabs2,Object,4.06,1.86,1.495459283,145,subset3,4.846154,5.152174,-0.30602,,
182,3.17,Cottonswabs3,Object,4.13,1.81,1.621711356,104,subset4,5.574074,5.5,0.074074,,
183,4.74,Couple1,Person,5.54,3.96,1.671554014,368,subset1,5.21978,5.163043,0.056737,,
184,5.43,Couple2,Person,5.63,3.77,1.128819612,145,subset3,4.90625,5.5,-0.59375,,
185,5.46,Couple3,Person,4.01,3.44,1.235916834,145,subset3,3.537037,4,-0.462963,,
186,5.54,Couple4,Person,5.97,4.53,1.467598771,104,subset4,5.15625,5.605263,-0.449013,,
187,4.93,Couple5,Animal,4.99,3.47,1.502518424,104,subset4,4.75,5.302632,-0.552632,,
188,5.12,Couple6,Person,5.61,4.14,1.347860481,368,subset1,5.567164,5.974026,-0.406862,,
189,5.38,Couple7,Person,5.92,4.25,1.469346992,104,subset4,4.96875,5.394737,-0.425987,,
190,4.82,Couple8,Person,5.76,4.16,1.411129015,368,subset1,2.701493,2.298701,0.402792,,
191,5.64,Couple9,Person,5.81,3.44,1.271364049,368,subset1,4.769231,5.11413,-0.344899,,
192,3.71,Crosswalk1,Scene,3.96,2.32,1.597145449,140,subset2,5.06044,5.217391,-0.156951,,
193,4.96,Crow1,Animal,4.71,2.80,1.480770443,104,subset4,5.192308,5.434783,-0.242475,,
194,4.76,Crow2,Animal,4.41,2.66,1.343499908,368,subset1,4.769231,5.097826,-0.328595,,
195,3.86,Cups1,Object,4.28,2.03,1.48594952,145,subset3,3.171875,2.763158,0.408717,,
196,3.27,Cups2,Object,4.15,2.09,1.584088168,104,subset4,4.407407,4.96,-0.552593,,
197,4.83,Cups3,Object,4.73,2.26,1.444388591,104,subset4,2.0625,1.684211,0.378289,,
198,4.36,Cups4,Object,4.14,2.20,1.506509097,368,subset1,5.238806,5.857143,-0.618337,,
199,5.32,Dancing1,Person,5.30,3.44,1.268653916,145,subset3,4.6875,4.657895,0.029605,,
200,5.39,Dancing2,Person,5.22,3.49,1.278017949,368,subset1,4.950549,5.206522,-0.255973,,
201,4.28,Dancing3,Person,4.88,3.85,1.709236648,104,subset4,4.38806,3.948052,0.440008,,
202,5.06,Dancing4,Person,5.54,3.65,1.165352297,145,subset3,3.96875,4.644737,-0.675987,,
203,4.85,Dancing5,Person,5.70,3.54,1.54397816,104,subset4,3.925926,4.16,-0.234074,,
204,5.33,Dancing6,Person,5.81,3.69,1.271960234,140,subset2,3.25,3,0.25,,
205,4.98,Dancing7,Person,5.87,3.38,1.630895693,104,subset4,3.358209,3.558442,-0.200233,,
206,4.77,Dancing8,Person,5.31,3.41,1.324964543,368,subset1,3.296703,3.48913,-0.192427,,
207,5.61,Dancing9,Person,5.58,3.83,1.22181226,368,subset1,4.701493,4.675325,0.026168,,
208,1.73,Deadbodies1,Person,1.20,4.51,1.329160322,368,subset1,4.587912,4.407609,0.180303,,
209,2.35,Deadbodies2,Person,1.25,4.48,1.822633358,368,subset1,2.018519,1.66,0.358519,,
210,1.97,Deadbodies3,Person,1.32,5.13,1.578562079,145,subset3,4.666667,4.64,0.026667,,
211,3.97,Depressedface1,Person,3.76,3.07,1.595600323,140,subset2,4.796296,4.04,0.756296,,
212,3.87,Depressedface2,Person,3.82,3.02,1.652740724,140,subset2,3.776119,3.415584,0.360535,,
213,3.20,Depressedpose1,Person,2.69,3.45,1.547812786,104,subset4,3.857143,4.179348,-0.322205,,
214,3.82,Depressedpose2,Person,3.49,3.24,1.647383469,104,subset4,5.406593,5.782609,-0.376016,,
215,3.38,Depressedpose3,Person,2.66,4.01,1.577681105,104,subset4,4.740741,4.36,0.380741,,
216,4.13,Depressedpose4,Person,3.25,3.29,1.619428654,368,subset1,4.84375,5.328947,-0.485197,,
217,5.17,Desert1,Scene,4.00,3.27,1.538148362,145,subset3,4.432836,5.038961,-0.606125,,
218,4.38,Dessert1,Object,5.33,3.41,1.4517063,140,subset2,3.19403,3.12987,0.06416,,
219,4.69,Dessert2,Object,5.74,3.25,1.4553345,104,subset4,4.796296,5.34,-0.543704,,
220,5.10,Dessert3,Object,5.63,4.20,1.350535583,145,subset3,4.620879,5.211957,-0.591078,,
221,4.46,Dessert4,Object,5.39,3.12,1.322767041,145,subset3,4,4.22,-0.22,,
222,4.84,Dessert5,Object,5.53,3.86,1.489876768,140,subset2,3.716418,3.649351,0.067067,,
223,4.69,Dessert6,Object,5.59,3.85,1.488064885,140,subset2,4.923077,5.402174,-0.479097,,
224,4.57,Dessert7,Object,5.45,3.13,1.363636081,104,subset4,5.685185,5.8,-0.114815,,
225,4.48,Dessert8,Person,5.77,3.37,1.394948467,145,subset3,3.615385,3.418478,0.196907,,
226,4.62,Destruction1,Scene,3.18,4.32,1.740205301,140,subset2,4.037037,4.42,-0.382963,,
227,2.59,Destruction4,Scene,1.84,3.93,1.626587053,145,subset3,5.044776,4.805195,0.239581,,
228,2.47,Destruction5,Scene,2.15,3.81,1.642260493,140,subset2,5.171875,4.881579,0.290296,,
229,2.47,Destruction6,Scene,2.01,4.10,1.407033171,104,subset4,4.518519,4.14,0.378519,,
230,2.95,Destruction7,Scene,2.01,3.85,1.721316657,145,subset3,4.637363,4.804348,-0.166985,,
231,2.31,Destruction8,Scene,2.24,4.23,1.607488079,104,subset4,4.333333,4.36,-0.026667,,
232,3.19,Destruction9,Scene,3.56,2.49,1.827922175,104,subset4,4.314815,4.3,0.014815,,
233,2.02,Destruction10,Scene,2.10,3.59,1.440818467,145,subset3,5.185185,5.74,-0.554815,,
234,3.85,Dirt1,Scene,1.61,4.98,1.698516656,368,subset1,2.104478,1.584416,0.520062,,
235,2.36,Destruction2,Scene,2.19,3.06,1.44181532,145,subset3,4.375,4.052632,0.322368,,
236,1.98,Destruction3,Scene,1.90,3.60,1.405387501,368,subset1,1.681319,1.48913,0.192189,,
237,5.86,Dirt2,Scene,5.60,3.35,1.170355416,145,subset3,3.375,3.039474,0.335526,,
238,3.94,Dirt3,Scene,4.14,2.04,1.705655488,104,subset4,4.38806,4.493506,-0.105446,,
239,3.33,Dirt4,Scene,4.00,1.91,1.742904103,104,subset4,4.253731,3.857143,0.396588,,
240,3.25,Dirt5,Scene,3.54,1.99,1.574228138,368,subset1,3.38806,3.12987,0.25819,,
241,5.98,Dock1,Scene,5.56,3.64,1.083134376,145,subset3,3.761194,3.922078,-0.160884,,
242,3.28,Doctor1,Person,4.67,3.15,1.674808963,104,subset4,4.675824,5.059783,-0.383959,,
243,3.44,Doctor2,Person,4.06,3.65,1.601306635,140,subset2,3.375,2.881579,0.493421,,
244,3.41,Doctor3,Person,4.35,3.18,1.530344063,104,subset4,4.96875,4.539474,0.429276,,
245,2.85,Doctor4,Person,3.81,3.88,1.577380581,140,subset2,4.895522,4.753247,0.142275,,
246,2.94,Doctor5,Person,3.68,3.64,1.563087082,104,subset4,5.037037,5.76,-0.722963,,
247,2.99,Doctor6,Person,4.38,2.55,1.604784727,140,subset2,4.555556,4.88,-0.324444,,
248,2.72,Doctor7,Person,3.34,4.42,1.6103116,145,subset3,5.125,5.118421,0.006579,,
249,3.09,Doctor8,Person,3.73,3.92,1.700175313,140,subset2,4.444444,4.88,-0.435556,,
250,3.19,Doctor9,Person,3.68,4.11,1.576679911,145,subset3,4.515625,4.302632,0.212993,,
251,5.26,Dog1,Animal,5.14,4.32,1.34653867,368,subset1,3.28125,2.657895,0.623355,,
252,5.66,Dog2,Animal,5.90,4.40,1.220318092,145,subset3,5.236264,5.315217,-0.078953,,
253,5.11,Dog3,Animal,5.75,3.52,1.426879488,368,subset1,4.1875,4.157895,0.029605,,
254,6.00,Dog4,Animal,6.20,3.96,1.047483757,145,subset3,5,5.168831,-0.168831,,
255,5.40,Dog5,Animal,5.94,4.67,1.491198975,104,subset4,5.166667,5.8,-0.633333,,
256,5.95,Dog6,Animal,6.49,5.03,1.218745016,368,subset1,3.78125,3.539474,0.241776,,
257,5.86,Dog7,Animal,5.66,3.97,1.152188442,368,subset1,5.15625,5.697368,-0.541118,,
258,5.21,Dog8,Animal,5.43,4.39,1.32498969,368,subset1,3.291209,3.184783,0.106426,,
259,4.48,Dog9,Animal,4.13,4.06,1.483700887,368,subset1,3.791045,4,-0.208955,,
260,5.23,Dog10,Animal,5.65,3.88,1.304904182,140,subset2,4.240741,4.56,-0.319259,,
261,5.01,Dog11,Animal,5.66,3.63,1.423804179,368,subset1,3.796875,3.855263,-0.058388,,
262,5.54,Dog12,Animal,6.29,4.41,1.314024995,104,subset4,5.850746,6.25974,-0.408994,,
263,5.20,Dog13,Animal,5.85,4.06,1.36909549,368,subset1,6.258242,6.451087,-0.192845,,
264,5.23,Dog14,Animal,5.89,4.19,1.431117977,140,subset2,5.813187,6.097826,-0.284639,,
265,3.76,Dog15,Animal,3.43,3.93,1.992681719,104,subset4,5.516484,5.831522,-0.315038,,
266,5.40,Dog16,Animal,5.39,4.81,1.307422089,140,subset2,5.851852,6.1,-0.248148,,
267,5.05,Dog17,Animal,5.23,3.84,1.405666846,140,subset2,5.857143,6.195652,-0.338509,,
268,5.79,Dog18,Animal,6.20,4.88,1.104891597,145,subset3,5.324176,5.728261,-0.404085,,
269,5.20,Dog19,Animal,5.94,4.35,1.405026946,140,subset2,5.701493,6.064935,-0.363442,,
270,4.95,Dog20,Animal,5.90,4.19,1.413166043,368,subset1,3.12963,3.26,-0.13037,,
271,5.14,Dog21,Animal,5.99,4.05,1.423055126,368,subset1,3.447761,3.61039,-0.162629,,
272,5.30,Dog22,Animal,5.10,3.88,1.373070153,368,subset1,3.037037,3.64,-0.602963,,
273,4.94,Dog23,Animal,2.68,4.82,1.668397149,368,subset1,5.567164,6.12987,-0.562706,,
274,2.95,Dog24,Animal,1.89,4.77,1.905406922,140,subset2,5.492537,6.090909,-0.598372,,
275,4.67,Dog25,Animal,3.45,4.06,1.674725352,104,subset4,5.87037,6.3,-0.42963,,
276,1.86,Dog26,Animal,1.30,4.86,1.46209384,140,subset2,5.631868,6.016304,-0.384436,,
277,5.58,Dog27,Animal,5.33,4.22,1.234171818,145,subset3,5.53125,5.881579,-0.350329,,
278,4.67,Dog28,Animal,5.59,3.56,1.646635362,140,subset2,5.521978,6.059783,-0.537805,,
279,5.08,Dog29,Animal,5.36,4.00,1.332423524,368,subset1,5.109375,5.776316,-0.666941,,
280,4.34,Dog30,Animal,4.58,3.57,1.724185614,140,subset2,5.5,5.631579,-0.131579,,
281,4.04,Dog31,Animal,2.08,4.20,1.925420529,104,subset4,5.84375,5.894737,-0.050987,,
282,3.11,Dogattack1,Animal,2.85,4.59,1.679695563,140,subset2,5.597015,6.103896,-0.506881,,
283,3.45,Dogattack2,Animal,3.43,4.48,1.466908287,145,subset3,5.153846,5.516304,-0.362458,,
284,3.39,Dogattack3,Animal,2.65,5.09,1.726087751,368,subset1,4.298507,4.233766,0.064741,,
285,4.69,Drink1,Object,4.56,2.71,1.455436367,145,subset3,4.796296,4.88,-0.083704,,
286,4.49,Drink2,Object,4.36,2.87,1.635762728,368,subset1,5.037037,5.28,-0.242963,,
287,1.85,Dummy1,Object,1.16,5.20,1.473185774,104,subset4,4.961538,5.092391,-0.130853,,
288,4.65,Eating1,Person,5.68,3.48,1.459945675,104,subset4,5.09375,5.236842,-0.143092,,
289,4.43,Eating2,Person,5.33,3.24,1.459913703,104,subset4,5.055556,5.02,0.035556,,
290,4.02,Eating3,Person,5.15,2.63,1.628074448,368,subset1,4.921875,5.592105,-0.67023,,
291,5.59,Elephant1,Animal,5.86,4.39,1.243008525,368,subset1,3.981481,3.26,0.721481,,
292,4.56,Excitedface1,Person,5.57,3.83,1.647751767,104,subset4,4.049451,4.163043,-0.113592,,
293,5.11,Excitedface2,Person,5.82,4.07,1.323264051,140,subset2,3.238806,2.831169,0.407637,,
294,4.75,Excitedface3,Person,5.76,3.47,1.465013436,145,subset3,2.884615,3.298913,-0.414298,,
295,3.16,Excitedface4,Person,4.25,3.09,1.432150006,145,subset3,2.953125,3.026316,-0.073191,,
296,5.06,Excitedface5,Person,5.65,3.71,1.728273863,104,subset4,3.462963,3.24,0.222963,,
297,4.92,Excitedface6,Person,5.73,3.48,1.488113369,368,subset1,3,3.236842,-0.236842,,
298,4.11,Excitedface7,Person,4.75,3.49,1.863904813,104,subset4,4.074627,3.675325,0.399302,,
299,3.68,Exercise1,Person,4.71,3.63,1.522437549,145,subset3,3.119403,3,0.119403,,
300,3.52,Exercise2,Person,4.69,3.90,1.461382917,368,subset1,3.432836,3.012987,0.419849,,
301,4.22,Exercise3,Person,4.83,4.30,1.519815592,104,subset4,5.15625,5.697368,-0.541118,,
302,4.92,Explosion1,Scene,2.65,5.15,1.689442085,145,subset3,4.582418,4.804348,-0.22193,,
303,5.01,Explosion2,Scene,2.38,4.99,1.877491493,140,subset2,6.166667,6.46,-0.293333,,
304,4.34,Explosion3,Scene,2.65,4.92,1.83604988,104,subset4,5.828125,6.105263,-0.277138,,
305,4.73,Explosion4,Scene,2.50,4.31,1.764994069,368,subset1,5.537037,6.18,-0.642963,,
306,4.35,Explosion5,Scene,1.82,5.46,1.894136229,104,subset4,6.076923,6.315217,-0.238294,,
307,4.31,Explosion6,Scene,2.26,4.82,1.740867561,104,subset4,5.390625,6.263158,-0.872533,,
308,5.45,Father1,Person,6.03,4.40,1.624328436,104,subset4,5.58209,6.051948,-0.469858,,
309,1.82,Feces1,Object,2.14,3.07,1.211455538,145,subset3,6.148148,6.7,-0.551852,,
310,1.58,Feces2,Object,2.01,3.52,1.238999098,368,subset1,5.9375,5.934211,0.003289,,
311,3.19,Fence1,Object,3.73,2.16,1.648615851,140,subset2,2.537037,2.1,0.437037,,
312,4.46,Fence2,Object,4.22,2.30,1.453065197,145,subset3,3.888889,3.72,0.168889,,
313,4.05,Fence3,Object,3.85,2.50,1.600047892,145,subset3,1.835821,1.883117,-0.047296,,
314,3.27,Fence4,Object,2.88,3.16,1.716970735,145,subset3,2.62963,1.9,0.72963,,
315,3.86,Fence5,Object,3.77,2.07,1.648318544,145,subset3,2.055556,1.82,0.235556,,
316,4.87,Fence6,Object,4.31,2.50,1.329806364,368,subset1,2.640625,1.907895,0.73273,,
317,3.11,Ferret1,Animal,2.80,4.49,1.690840447,140,subset2,2.274725,2.402174,-0.127449,,
318,4.74,Fire1,Person,4.41,4.36,1.575946509,140,subset2,2.388889,1.88,0.508889,,
319,4.83,Fire2,Scene,1.96,4.68,1.740106131,145,subset3,2.21978,2.407609,-0.187829,,
320,4.71,Fire3,Scene,2.06,4.52,1.611084643,104,subset4,4.28125,3.421053,0.860197,,
321,5.12,Fire4,Scene,4.32,4.21,1.655459062,140,subset2,3.833333,4.14,-0.306667,,
322,4.65,Fire5,Scene,1.74,5.29,1.873521324,104,subset4,4.731343,4.87013,-0.138787,,
323,4.40,Fire6,Scene,2.23,4.52,1.872942516,140,subset2,5.21978,5.63587,-0.41609,,
324,2.94,Fire7,Scene,1.74,4.60,1.794361386,140,subset2,4.833333,5.68,-0.846667,,
325,5.27,Fire8,Scene,4.20,4.69,1.513217738,368,subset1,4.917582,5.195652,-0.27807,,
326,4.17,Fire9,Scene,1.47,5.15,2.006976527,140,subset2,4.03125,4.315789,-0.284539,,
327,5.10,Fire10,Scene,2.47,4.66,1.430443492,145,subset3,5.131868,5.630435,-0.498567,,
328,5.47,Fire11,Scene,1.75,5.32,1.712074372,104,subset4,5.703704,5.82,-0.116296,,
329,3.65,Firehydrant1,Object,4.20,2.33,1.545124614,140,subset2,4.859375,5.447368,-0.587993,,
330,3.25,Firehydrant2,Object,4.22,1.98,1.581997911,368,subset1,4.746269,5.181818,-0.435549,,
331,3.88,Firehydrant3,Object,4.25,2.35,1.376910028,145,subset3,4.850746,5.480519,-0.629773,,
332,4.39,Firehydrant4,Object,4.44,2.30,1.375360636,104,subset4,4.43956,4.684783,-0.245223,,
333,3.83,Fireman1,Person,3.10,4.86,1.535867843,140,subset2,4.567164,5.090909,-0.523745,,
334,6.07,Fireworks1,Scene,6.16,4.42,0.99760249,145,subset3,3.597015,3.376623,0.220392,,
335,6.35,Fireworks2,Scene,6.27,4.98,1.033208662,368,subset1,5.015625,5.684211,-0.668586,,
336,5.96,Fireworks3,Scene,6.09,4.63,1.173392979,368,subset1,5.074074,5.34,-0.265926,,
337,5.67,Fireworks4,Scene,5.95,4.32,1.294370083,368,subset1,5.277778,5.6,-0.322222,,
338,5.97,Fireworks5,Scene,5.80,4.21,0.959942664,104,subset4,4.868132,5.076087,-0.207955,,
339,6.02,Fireworks6,Scene,6.11,4.78,1.167014971,368,subset1,4.906593,5.429348,-0.522755,,
340,5.90,Fireworks7,Scene,5.75,4.45,0.995295447,145,subset3,5.3125,5.368421,-0.055921,,
341,3.19,Flood1,Scene,2.36,4.13,1.595362959,104,subset4,4.981481,5.46,-0.478519,,
342,3.52,Flood2,Scene,2.36,3.85,1.384956118,145,subset3,4.910448,4.974026,-0.063578,,
343,3.33,Flood3,Scene,2.29,4.29,1.726111898,104,subset4,4.538462,4.858696,-0.320234,,
344,5.87,Flowers1,Object,5.76,3.68,1.001770463,145,subset3,4.092593,4.92,-0.827407,,
345,5.79,Flowers2,Object,5.95,3.46,1.225800231,145,subset3,4.656716,5.038961,-0.382245,,
346,6.08,Flowers3,Object,5.79,3.71,1.212333926,104,subset4,5.507463,5.961039,-0.453576,,
347,5.83,Flowers4,Object,5.70,3.72,1.184446853,368,subset1,4.8125,5.263158,-0.450658,,
348,5.72,Flowers5,Object,5.63,3.49,1.053038475,140,subset2,3.313433,2.779221,0.534212,,
349,5.79,Flowers6,Object,5.94,3.01,1.260258815,368,subset1,3.071429,2.907609,0.16382,,
350,5.57,Flowers7,Object,5.68,3.50,1.264586019,140,subset2,3.082418,2.597826,0.484592,,
351,5.87,Flowers8,Object,5.91,3.70,1.104880326,140,subset2,3.395604,2.951087,0.444517,,
352,5.84,Flowers9,Object,5.89,4.08,1.12839526,145,subset3,3.208791,2.61413,0.594661,,
353,5.34,Flowers10,Object,5.26,3.16,1.441140737,368,subset1,2.598901,2.23913,0.359771,,
354,4.25,Food1,Object,4.84,3.15,1.441117595,145,subset3,3.037037,2.7,0.337037,,
355,4.84,Food2,Object,5.34,2.96,1.455558992,104,subset4,3.148148,2.54,0.608148,,
356,5.15,Food3,Object,5.30,2.84,1.349356055,104,subset4,2.625,1.907895,0.717105,,
357,5.03,Food4,Object,5.61,3.42,1.553416465,368,subset1,4.120879,4.396739,-0.27586,,
358,5.17,Food5,Object,5.47,3.15,1.463920316,140,subset2,2.978022,2.369565,0.608457,,
359,5.04,Food6,Object,5.66,3.67,1.557462941,104,subset4,2.934066,3.021739,-0.087673,,
360,3.63,Footballplayer1,Person,4.77,3.58,1.695554967,104,subset4,4.984375,4.736842,0.247533,,
361,4.11,Frisbee1,Person,5.59,3.22,1.448152232,368,subset1,4.565934,4.461957,0.103977,,
362,3.01,Frustratedpose1,Person,2.35,4.25,1.652004472,145,subset3,4.351648,4.266304,0.085344,,
363,3.10,Frustratedpose2,Person,2.64,3.49,1.60081575,368,subset1,2.421875,2.078947,0.342928,,
364,2.99,Frustratedpose3,Person,2.35,3.56,1.655583223,140,subset2,3.940299,4.532468,-0.592169,,
365,3.36,Frustratedpose4,Person,3.42,3.28,1.600474864,104,subset4,3.265625,3.828947,-0.563322,,
366,3.13,Frustratedpose5,Person,2.46,3.74,1.699948612,140,subset2,5.054945,5.141304,-0.086359,,
367,3.84,Frustratedpose6,Person,4.68,4.04,1.592848,145,subset3,4.890625,4.723684,0.166941,,
368,3.07,Frustratedpose7,Person,2.70,3.25,1.656867746,145,subset3,4.32967,4.597826,-0.268156,,
369,3.19,Frustratedpose8,Person,3.74,3.37,1.651163528,145,subset3,5.71875,6,-0.28125,,
370,4.68,Funeral1,Scene,2.92,4.24,1.63590757,368,subset1,4.171875,4.697368,-0.525493,,
371,6.31,Galaxy1,Scene,5.60,4.09,0.995883986,104,subset4,4.0625,4.407895,-0.345395,,
372,5.98,Galaxy2,Scene,5.77,4.44,1.294525591,140,subset2,4.884615,5.108696,-0.224081,,
373,5.85,Galaxy3,Scene,5.45,4.01,1.556503617,104,subset4,5.538462,5.945652,-0.40719,,
374,6.20,Galaxy4,Scene,5.43,4.46,1.181041248,368,subset1,4.685185,4.86,-0.174815,,
375,5.86,Galaxy5,Scene,5.61,4.42,1.320620708,140,subset2,5.10989,5.532609,-0.422719,,
376,5.83,Galaxy6,Scene,5.34,4.17,1.201930121,145,subset3,1.59375,1.342105,0.251645,,
377,6.41,Galaxy7,Scene,6.06,4.50,1.066803382,104,subset4,1.994505,2.163043,-0.168538,,
378,5.94,Galaxy8,Scene,5.52,4.57,1.347583578,140,subset2,1.923077,1.951087,-0.02801,,
379,2.33,Garbagedump1,Scene,2.20,2.86,1.548204771,104,subset4,4.681319,4.516304,0.165015,,
380,1.86,Garbagedump2,Scene,1.60,3.78,1.301597898,145,subset3,1.625,1.289474,0.335526,,
381,2.28,Garbagedump3,Scene,2.00,3.47,1.645569107,104,subset4,2.567164,2.285714,0.28145,,
382,1.94,Garbagedump4,Scene,1.64,3.79,1.37117994,104,subset4,2.994505,3.380435,-0.38593,,
383,2.24,Garbagedump5,Scene,2.14,3.33,1.45370491,140,subset2,2.65625,2.697368,-0.041118,,
384,2.35,Garbagedump6,Scene,1.96,3.32,1.647208762,368,subset1,3.15625,3.026316,0.129934,,
385,2.14,Garbagedump7,Scene,2.74,2.48,1.396377207,104,subset4,3.179104,2.922078,0.257026,,
386,2.32,Garbagedump8,Scene,2.06,3.15,1.724800372,368,subset1,3.537037,4.2,-0.662963,,
387,3.81,Gargoyle1,Object,3.90,3.74,1.781542918,140,subset2,3.291209,3.342391,-0.051182,,
388,3.98,Gargoyle2,Object,3.27,3.76,1.85378526,104,subset4,3.230769,3.065217,0.165552,,
389,4.78,Gazing1,Person,4.86,3.09,1.52965576,145,subset3,3.907407,3.38,0.527407,,
390,5.24,Gazing2,Person,5.11,3.38,1.504008833,104,subset4,4.375,4.513158,-0.138158,,
391,5.06,Gazing3,Person,5.43,3.31,1.487277225,368,subset1,3.666667,3.5,0.166667,,
392,4.19,Gazing4,Person,4.49,3.01,1.437352253,140,subset2,2.222222,1.68,0.542222,,
393,5.38,Gazing5,Person,5.44,3.31,1.358167887,368,subset1,1,1,0,,
394,5.76,Gazing6,Person,5.84,3.49,1.144808394,104,subset4,3.578125,2.631579,0.946546,,
395,5.18,Gazing7,Person,4.98,3.56,1.485022865,140,subset2,3.75,3.513158,0.236842,,
396,4.99,Goat1,Animal,5.33,3.31,1.288283482,145,subset3,6.175824,6.38587,-0.210046,,
397,5.19,Goat2,Animal,5.20,3.04,1.218982994,145,subset3,6.277778,6.5,-0.222222,,
398,4.57,Gorrila1,Animal,3.91,3.54,1.581829409,368,subset1,6.149254,6.584416,-0.435162,,
399,4.85,Grass1,Scene,4.96,2.23,1.329844574,145,subset3,5.84375,6.013158,-0.169408,,
400,5.20,Grass2,Scene,4.94,2.43,1.443968424,104,subset4,6.149254,6.597403,-0.448149,,
401,5.43,Grass3,Scene,5.01,2.11,1.305436155,104,subset4,4.059701,3.805195,0.254506,,
402,4.98,Grass4,Scene,5.23,2.11,1.464177045,368,subset1,4.565934,4.722826,-0.156892,,
403,5.17,Grass5,Scene,4.94,2.43,1.44240409,368,subset1,6.34375,6.552632,-0.208882,,
404,5.34,Grass6,Scene,5.16,2.85,1.285063213,140,subset2,6.21875,6.5,-0.28125,,
405,5.21,Grass7,Scene,4.89,2.34,1.445938919,104,subset4,6.516484,6.663043,-0.146559,,
406,4.95,Graveyard1,Scene,3.20,3.46,1.551571938,145,subset3,6.402985,6.519481,-0.116496,,
407,4.70,Graveyard2,Scene,3.28,3.57,1.689777764,368,subset1,6.09375,6.25,-0.15625,,
408,4.49,Graveyard3,Scene,3.58,3.61,1.773566383,104,subset4,6.444444,6.86,-0.415556,,
409,4.86,Graveyard4,Scene,3.21,3.63,1.45115227,145,subset3,6.21875,6.644737,-0.425987,,
410,5.06,Guitar1,Person,5.53,3.26,1.339877738,140,subset2,6.761194,6.883117,-0.121923,,
411,3.01,Gun1,Object,2.73,4.02,1.641417946,145,subset3,6.527473,6.722826,-0.195353,,
412,2.99,Gun2,Person,2.75,4.20,1.641571274,368,subset1,3.84375,3.447368,0.396382,,
413,2.84,Gun3,Object,2.97,4.03,1.706069779,368,subset1,6.375,6.473684,-0.098684,,
414,3.17,Gun4,Object,2.86,3.89,1.856980606,368,subset1,5.515625,5.736842,-0.221217,,
415,2.91,Gun5,Object,2.92,4.12,1.747601467,368,subset1,4.940299,5.675325,-0.735026,,
416,2.42,Gun6,Object,2.84,3.96,1.648936215,368,subset1,5.703704,5.98,-0.276296,,
417,2.88,Gun7,Object,2.88,4.02,1.530831997,104,subset4,5.777778,5.92,-0.142222,,
418,2.86,Gun8,Object,3.08,3.94,1.535459637,104,subset4,5.716418,6.012987,-0.296569,,
419,2.24,Gun9,Object,2.88,4.35,1.48668292,140,subset2,6.014925,6.376623,-0.361698,,
420,2.67,Gun10,Object,2.64,4.17,1.692437639,368,subset1,6.175824,6.23913,-0.063306,,
421,2.97,Hallway1,Scene,2.61,3.38,1.688776217,368,subset1,5.765625,5.723684,0.041941,,
422,4.85,Hanggliding1,Person,5.06,4.35,1.429015861,140,subset2,6.029851,6.103896,-0.074045,,
423,4.52,Hanggliding2,Person,5.18,4.20,1.42563354,368,subset1,3.901099,4.103261,-0.202162,,
424,4.32,Hanggliding3,Person,4.93,4.10,1.398164213,368,subset1,5.865672,6.012987,-0.147315,,
425,2.24,Hangover1,Person,2.42,3.35,1.412231839,140,subset2,5.328358,5.948052,-0.619694,,
426,4.26,Happyface1,Person,5.47,3.03,1.545696039,145,subset3,4.546875,4.644737,-0.097862,,
427,3.57,Happyface2,Person,5.19,3.17,1.4892558,140,subset2,5.333333,5.68,-0.346667,,
428,5.10,Happypose1,Person,4.89,3.88,1.279132732,368,subset1,4.859375,5.276316,-0.416941,,
429,4.80,Happypose2,Person,5.61,3.93,1.309621286,140,subset2,4.532967,4.277174,0.255793,,
430,5.87,Happypose3,Scene,5.74,3.93,1.262878163,140,subset2,5.379121,4.826087,0.553034,,
431,4.46,Heart1,Object,4.67,2.77,1.504771445,140,subset2,4.4375,4.592105,-0.154605,,
432,4.25,Heart2,Object,4.93,3.10,1.479475894,140,subset2,4.865672,4.87013,-0.004458,,
433,5.00,Heart3,Object,4.75,2.53,1.374145543,368,subset1,4.769231,5.217391,-0.44816,,
434,5.74,Horse1,Animal,5.94,3.72,1.174752039,368,subset1,4.179104,3.961039,0.218065,,
435,4.77,Horseracing1,Animal,4.22,4.31,1.834040419,104,subset4,3.907407,4.92,-1.012593,,
436,5.32,House1,Scene,4.71,3.07,1.442637637,368,subset1,4.148148,4.96,-0.811852,,
437,1.46,Injury1,Person,1.97,4.53,0.884490087,140,subset2,3.765625,4.289474,-0.523849,,
438,2.09,Injury2,Person,2.09,4.06,1.48749626,368,subset1,3.574074,3.76,-0.185926,,
439,1.94,Injury3,Person,1.97,4.70,1.350952465,368,subset1,3.296296,3.16,0.136296,,
440,1.44,Injury4,Person,1.39,5.47,1.088008071,140,subset2,3.17033,3.728261,-0.557931,,
441,2.41,Intensity1,Person,2.81,4.15,1.386925816,145,subset3,1.82967,1.875,-0.04533,,
442,3.19,Jail1,Scene,2.23,3.73,1.85091599,368,subset1,3.850746,3.155844,0.694902,,
443,2.68,Jail2,Scene,2.02,3.65,1.663263054,140,subset2,3.12963,2.64,0.48963,,
444,3.09,Jail3,Scene,2.52,3.90,1.81316415,140,subset2,4.346154,4.190217,0.155937,,
445,3.03,Jail4,Scene,2.11,3.43,1.815878243,145,subset3,4.37037,4.22,0.15037,,
446,3.86,Jail5,Scene,3.07,3.29,1.764912986,104,subset4,3.967033,4.157609,-0.190576,,
447,3.32,Keyboard1,Object,4.17,2.15,1.670809673,368,subset1,4.925926,4.78,0.145926,,
448,3.16,Keyboard2,Object,4.11,2.37,1.641474296,368,subset1,3.972527,4.217391,-0.244864,,
449,3.65,Keyboard3,Object,4.33,2.29,1.512210693,104,subset4,4.021978,4.168478,-0.1465,,
450,3.59,Keys1,Object,4.03,2.37,1.658227952,104,subset4,3.868132,4.320652,-0.45252,,
451,1.96,KKKrally1,Person,1.34,4.70,1.474199318,104,subset4,5.450549,5.766304,-0.315755,,
452,1.00,KKKrally2,Person,1.25,4.98,0,104,subset4,5.537037,5.88,-0.342963,,
453,3.06,Knife1,Object,3.25,3.62,1.684507119,140,subset2,5.111111,4.82,0.291111,,
454,3.62,Knife2,Object,3.34,3.70,1.752563824,140,subset2,3.8125,3.842105,-0.029605,,
455,6.28,Lake1,Scene,6.25,3.97,0.966198054,368,subset1,5.171875,5.407895,-0.23602,,
456,6.38,Lake2,Scene,6.39,3.89,0.895595396,104,subset4,5.137363,5.315217,-0.177854,,
457,6.38,Lake3,Scene,5.96,3.22,0.905760619,145,subset3,4.453125,4.315789,0.137336,,
458,5.94,Lake4,Scene,5.79,3.28,1.21270679,140,subset2,4.921875,5.263158,-0.341283,,
459,6.39,Lake5,Scene,5.95,4.30,0.868400123,145,subset3,5.055556,5.18,-0.124444,,
460,4.65,Lake6,Scene,4.48,2.48,1.454183186,368,subset1,4.907407,4.62,0.287407,,
461,6.46,Lake7,Scene,6.09,3.59,0.876318563,140,subset2,4.833333,5.08,-0.246667,,
462,6.37,Lake8,Scene,6.21,3.96,0.85950343,140,subset2,4.28125,3.973684,0.307566,,
463,6.59,Lake9,Scene,6.41,4.11,0.833626987,368,subset1,4.65625,5.184211,-0.527961,,
464,6.46,Lake10,Scene,6.15,3.81,0.763950712,145,subset3,6.402985,6.701299,-0.298314,,
465,6.18,Lake11,Scene,5.72,3.98,0.998328511,140,subset2,6.037037,6.46,-0.422963,,
466,6.64,Lake12,Scene,6.38,4.73,0.823422519,104,subset4,2.25,1.855263,0.394737,,
467,6.45,Lake13,Scene,6.17,3.72,0.9393477,140,subset2,2.421875,2.605263,-0.183388,,
468,6.83,Lake14,Scene,6.31,4.66,0.557086015,145,subset3,4.283582,4.402597,-0.119015,,
469,6.62,Lake15,Scene,6.25,4.63,0.861684053,368,subset1,3.313433,3.727273,-0.41384,,
470,6.43,Lake16,Scene,6.11,4.29,0.840887311,140,subset2,2.950549,3.119565,-0.169016,,
471,5.64,Lake17,Scene,5.59,3.61,1.17657419,140,subset2,2.626866,3.142857,-0.515991,,
472,5.34,Lamb1,Animal,5.75,3.95,1.204040134,145,subset3,5.763736,4.972826,0.79091,,
473,5.84,Lava1,Scene,4.06,4.72,1.337368645,104,subset4,4.175824,4.38587,-0.210046,,
474,5.85,Lightning1,Scene,4.85,4.52,1.575105056,104,subset4,5.741758,6.070652,-0.328894,,
475,5.88,Lightning2,Scene,4.26,4.62,1.301082661,145,subset3,3.421875,3.644737,-0.222862,,
476,6.21,Lightning3,Scene,4.59,4.79,1.046797708,145,subset3,4.791045,5.077922,-0.286877,,
477,6.20,Lightning4,Scene,4.46,4.83,1.167823638,368,subset1,4.89011,4.548913,0.341197,,
478,5.74,Lightning5,Scene,4.41,4.53,1.265885697,140,subset2,4.666667,4.12,0.546667,,
479,6.06,Lightning6,Scene,4.49,4.71,1.07510135,145,subset3,4.5,4.28,0.22,,
480,5.94,Lightning7,Scene,4.44,4.47,1.100635483,145,subset3,4.119403,3.831169,0.288234,,
481,5.66,Lion1,Animal,5.02,4.34,1.162966217,145,subset3,5.576923,4.983696,0.593227,,
482,4.60,Lion2,Animal,3.66,4.28,1.603951954,140,subset2,4.640625,4.315789,0.324836,,
483,5.50,Lion3,Animal,4.94,3.79,1.343809973,104,subset4,4.87037,4.78,0.09037,,
484,5.09,Lion4,Animal,4.63,4.22,1.391059398,140,subset2,5.038462,4.592391,0.446071,,
485,4.40,Lion5,Animal,3.73,4.69,1.786012254,368,subset1,4.740741,4.1,0.640741,,
486,5.10,Massage1,Person,5.71,4.17,1.396839647,368,subset1,4.944444,4.64,0.304444,,
487,4.52,Massage2,Person,5.75,4.12,1.514761216,140,subset2,4.076923,2.228261,1.848662,,
488,4.88,Meerkat1,Animal,4.95,3.35,1.378821753,145,subset3,4.481481,3.42,1.061481,,
489,4.99,Memorial1,Scene,4.67,4.40,1.486480459,368,subset1,5.343284,5.246753,0.096531,,
490,4.39,Memorial2,Scene,2.96,3.87,1.808385372,104,subset4,4.093407,4.347826,-0.254419,,
491,4.54,Memorial3,Scene,3.06,3.53,1.660056596,104,subset4,4.373626,2.61413,1.759496,,
492,4.05,Miserableface1,Person,3.52,3.44,1.735474144,140,subset2,3.39011,3.913043,-0.522933,,
493,3.66,Miserableface2,Person,2.59,3.89,1.825443566,104,subset4,3.222222,3.12,0.102222,,
494,3.23,Miserablepose1,Person,2.56,3.44,1.67929001,104,subset4,3.240741,3.36,-0.119259,,
495,3.46,Miserablepose2,Person,2.80,3.16,1.732356436,368,subset1,3.240741,3.66,-0.419259,,
496,1.86,Miserablepose3,Person,1.11,5.15,1.537334513,368,subset1,3.171875,3.934211,-0.762336,,
497,3.47,Miserablepose4,Person,2.58,3.96,1.607513489,145,subset3,3.5,4.447368,-0.947368,,
498,2.89,Miserablepose5,Person,2.95,3.45,1.427321949,104,subset4,2.46875,2.539474,-0.070724,,
499,4.27,Money1,Object,4.96,3.68,1.599795535,368,subset1,3.656716,3.87013,-0.213414,,
500,4.86,Monkey1,Animal,4.87,4.21,1.503512194,104,subset4,2.640625,2.894737,-0.254112,,
501,4.10,Monkey2,Animal,4.03,3.72,1.835524605,368,subset1,4.685185,4.56,0.125185,,
502,4.10,Monkey3,Animal,3.62,3.57,1.646795163,368,subset1,2.666667,2.34,0.326667,,
503,4.10,Monkey4,Animal,2.86,3.68,1.779443693,368,subset1,3.046875,3.842105,-0.79523,,
504,5.61,Moon1,Scene,5.27,3.61,1.336606967,368,subset1,3.28125,4.078947,-0.797697,,
505,5.70,Mother1,Person,6.11,4.09,1.342941328,104,subset4,3.333333,3.72,-0.386667,,
506,4.97,Mother2,Person,5.93,3.85,1.566994097,104,subset4,2.814815,3.46,-0.645185,,
507,3.83,Mother3,Person,5.09,4.11,1.807032056,140,subset2,3.390625,4.105263,-0.714638,,
508,5.30,Mother4,Person,6.05,4.09,1.447896018,140,subset2,2.78125,3.302632,-0.521382,,
509,5.23,Mother5,Person,5.94,3.51,1.407285526,368,subset1,2.818681,2.788043,0.030638,,
510,5.11,Mother6,Person,6.08,4.45,1.539393642,140,subset2,3.989011,4.538043,-0.549032,,
511,5.12,Mother7,Person,6.04,4.30,1.708389876,104,subset4,2.765625,3,-0.234375,,
512,4.77,Mother8,Person,5.93,3.97,1.785762295,104,subset4,3.985075,3.025974,0.959101,,
513,4.95,Mother9,Person,5.98,3.63,1.685920035,104,subset4,3.791045,4.454545,-0.6635,,
514,4.11,Motocross1,Person,4.78,3.87,1.479284847,140,subset2,3.318681,3.586957,-0.268276,,
515,4.94,Musician1,Person,5.41,3.21,1.443274796,140,subset2,4.417582,5.01087,-0.593288,,
516,6.57,Nature1,Scene,6.12,4.43,0.752899885,145,subset3,3.046875,3.75,-0.703125,,
517,6.24,Nature2,Scene,5.67,3.57,0.853265484,104,subset4,5.074074,3.64,1.434074,,
518,2.04,Neonazi1,Person,2.04,4.44,1.446457913,140,subset2,4.055556,2.96,1.095556,,
519,2.52,Neutralface1,Person,3.96,2.41,1.385785273,140,subset2,5.208791,2.858696,2.350095,,
520,3.55,Neutralface2,Person,4.68,2.18,1.462166555,145,subset3,4.671875,3.828947,0.842928,,
521,3.04,Neutralface3,Person,4.50,2.62,1.495122485,368,subset1,5.388889,4.52,0.868889,,
522,2.90,Neutralface4,Person,3.89,2.18,1.365874455,145,subset3,5.125,4.381579,0.743421,,
523,5.36,Neutralface5,Person,4.98,3.77,1.381714149,368,subset1,3.865672,2.857143,1.008529,,
524,4.27,Neutralpose1,Person,5.06,3.02,1.466079767,368,subset1,5.648148,5.02,0.628148,,
525,5.90,Neutralpose2,Scene,5.25,3.66,1.130792555,368,subset1,5.641791,5.012987,0.628804,,
526,3.54,Neutralpose3,Person,3.81,2.60,1.689457061,140,subset2,4.859375,3.276316,1.583059,,
527,4.95,Nudecouple1,Person,5.42,4.99,1.396080995,145,subset3,4.884615,3.179348,1.705267,,
528,4.72,Nudecouple2,Person,5.44,4.41,1.429707384,368,subset1,5.880597,5.155844,0.724753,,
529,4.40,Nudecouple3,Person,5.45,4.50,1.523404661,104,subset4,5.21875,4.631579,0.587171,,
530,3.97,Nudecouple4,Person,5.36,4.47,1.413942614,145,subset3,5.21875,3.697368,1.521382,,
531,5.28,Nudecouple5,Person,5.69,5.35,1.57481126,368,subset1,4.940299,3.376623,1.563676,,
532,4.46,Nudecouple6,Person,5.30,5.43,2.012231355,140,subset2,5.407407,4.2,1.207407,,
533,4.83,Nudecouple7,Person,5.69,4.21,1.541921054,104,subset4,5.018519,3.82,1.198519,,
534,4.82,Nudecouple8,Person,5.28,4.70,1.591389281,368,subset1,3.555556,2.7,0.855556,,
535,4.43,Nudecouple9,Person,5.17,5.06,1.750253369,104,subset4,5.285714,3.413043,1.872671,,
536,4.80,Nudecouple10,Person,5.50,4.30,1.423654587,104,subset4,5.164179,3.818182,1.345997,,
537,3.14,Nudecouple11,Person,4.65,5.72,2.018073767,368,subset1,4.9375,3.618421,1.319079,,
538,3.97,Nudecouple12,Person,5.07,5.22,1.781549074,104,subset4,4.940299,3.909091,1.031208,,
539,5.27,Nudecouple13,Person,5.79,4.51,1.220514307,145,subset3,4.983516,3.429348,1.554168,,
540,3.48,Nudecouple14,Person,4.84,5.62,2.081333993,368,subset1,4.84375,3.447368,1.396382,,
541,3.66,Nudeman1,Person,4.38,3.29,1.620893378,368,subset1,3.203297,3.266304,-0.063007,,
542,3.17,Nudeman2,Person,4.44,3.06,1.609693378,104,subset4,2.970149,2.844156,0.125993,,
543,3.30,Nudeman4,Person,4.59,3.66,1.745339468,104,subset4,4.358209,4.571429,-0.21322,,
544,3.44,Nudeman5,Person,4.71,3.61,1.756137217,104,subset4,3.890625,3.605263,0.285362,,
545,3.59,Nudeman6,Person,4.00,3.52,1.582210976,140,subset2,6.149254,6.662338,-0.513084,,
546,4.01,Nudeman7,Person,4.51,3.75,1.896553915,140,subset2,3.018519,2.4,0.618519,,
547,2.51,Nudeman8,Person,3.17,3.76,1.698481881,140,subset2,3.447761,3.454545,-0.006784,,
548,3.78,Nudeman9,Person,3.40,3.50,1.596302,145,subset3,4.851852,5.04,-0.188148,,
549,2.78,Nudeman10,Person,3.54,3.72,1.679619078,140,subset2,4.774725,4.967391,-0.192666,,
550,2.51,Nudeman11,Person,3.18,4.16,1.582643679,104,subset4,3.615385,3.88587,-0.270485,,
551,3.48,Nudeman12,Person,4.66,3.41,1.575294227,140,subset2,3.796296,3.26,0.536296,,
552,3.71,Nudeman13,Person,4.30,3.49,1.751815972,140,subset2,2.928571,3.032609,-0.104038,,
553,3.52,Nudeman14,Person,4.34,3.70,1.65453639,104,subset4,3.462963,3.9,-0.437037,,
554,3.13,Nudeman15,Person,3.86,3.54,1.777352127,104,subset4,3.358209,3.233766,0.124443,,
555,3.78,Nudeman16,Person,4.43,3.88,1.873971112,140,subset2,4.104478,3.87013,0.234348,,
556,3.06,Nudeman17,Person,3.72,3.49,1.847458742,140,subset2,4.444444,4.46,-0.015556,,
557,2.82,Nudeman18,Person,3.54,3.52,1.71926227,368,subset1,6.362637,6.63587,-0.273233,,
558,4.27,Nudeman19,Person,4.77,3.80,1.599795535,368,subset1,3.296296,3.16,0.136296,,
559,2.89,Nudeman20,Person,3.48,4.22,1.821914672,140,subset2,4.214286,4.608696,-0.39441,,
560,4.16,Nudeman3,Person,4.30,3.26,1.44181532,145,subset3,3.343284,3.090909,0.252375,,
561,3.46,Nudeman21,Person,3.55,4.31,1.901861551,368,subset1,3.716418,3.285714,0.430704,,
562,4.72,Nudeman22,Person,4.80,3.90,1.681546146,368,subset1,4.761194,5.116883,-0.355689,,
563,3.43,Nudeman23,Person,3.98,3.59,1.858841819,140,subset2,5.265625,5.526316,-0.260691,,
564,4.38,Nudewoman1,Person,5.00,4.40,1.702697416,104,subset4,4.234375,4.171053,0.063322,,
565,3.53,Nudewoman2,Person,4.62,4.71,1.869306142,104,subset4,4.777778,4.94,-0.162222,,
566,4.02,Nudewoman3,Person,4.62,5.35,2.133722265,368,subset1,4.358209,4.597403,-0.239194,,
567,4.21,Nudewoman4,Person,3.87,4.68,1.888190159,140,subset2,4.777778,5.44,-0.662222,,
568,4.97,Nudewoman5,Person,5.35,4.94,1.686362955,104,subset4,5.537037,6.12,-0.582963,,
569,4.72,Nudewoman6,Person,4.80,4.46,1.631823172,140,subset2,4.865672,5.012987,-0.147315,,
570,5.35,Nudewoman7,Person,5.18,4.70,1.54397816,104,subset4,4.402985,4.649351,-0.246366,,
571,5.30,Nudewoman8,Person,5.37,4.78,1.35975967,145,subset3,4.796875,4.855263,-0.058388,,
572,4.00,Nudewoman9,Person,5.21,4.76,1.941593205,140,subset2,3.9375,3.684211,0.253289,,
573,4.02,Nudewoman10,Person,5.05,5.17,1.999227949,368,subset1,4.681319,5.108696,-0.427377,,
574,5.50,Nudewoman11,Person,5.19,4.91,1.269974507,145,subset3,5.934066,6.23913,-0.305064,,
575,4.90,Nudewoman12,Person,5.21,4.92,1.772288688,140,subset2,5.656716,6.311688,-0.654972,,
576,4.39,Nudewoman13,Person,5.30,5.26,1.86869873,140,subset2,5.285714,5.315217,-0.029503,,
577,4.09,Nudewoman14,Person,5.09,4.95,1.7869793,145,subset3,3.578125,3.236842,0.341283,,
578,4.83,Nudewoman15,Person,5.28,5.38,1.89758307,104,subset4,4.5625,4.539474,0.023026,,
579,4.44,Nudewoman16,Person,4.69,5.45,1.868631829,104,subset4,5.453125,5.421053,0.032072,,
580,4.33,Nudewoman17,Person,5.13,5.21,1.980757972,368,subset1,4.96875,5.421053,-0.452303,,
581,4.43,Nudewoman18,Person,4.99,5.40,1.851218921,145,subset3,4.925926,4.78,0.145926,,
582,4.22,Nudewoman19,Person,4.91,5.47,1.985805228,140,subset2,3.134328,3.467532,-0.333204,,
583,4.37,Nudewoman20,Person,4.89,5.16,1.513572061,145,subset3,4.462963,4.34,0.122963,,
584,4.19,Nudewoman21,Person,4.76,4.77,1.923114548,368,subset1,4.078125,4.157895,-0.07977,,
585,4.09,Nudewoman22,Person,4.75,4.92,1.805211139,140,subset2,3.944444,4.24,-0.295556,,
586,3.24,Officesupplies1,Object,4.04,1.88,1.587996135,368,subset1,4.092593,4.32,-0.227407,,
587,2.89,Officesupplies2,Object,4.09,1.84,1.369900855,145,subset3,4.625,4.486842,0.138158,,
588,4.48,Officesupplies3,Object,4.24,2.72,1.472350533,145,subset3,4.71978,5.048913,-0.329133,,
589,3.74,Officesupplies4,Object,4.28,2.15,1.781643871,140,subset2,4.625,4.934211,-0.309211,,
590,2.72,Officesupplies5,Object,4.06,1.87,1.396644597,104,subset4,5.092593,5.84,-0.747407,,
591,3.46,Opossum1,Animal,3.28,4.07,1.624377275,145,subset3,4.828125,4.947368,-0.119243,,
592,4.94,Orangutan1,Animal,4.94,3.57,1.682733116,104,subset4,2.283582,2,0.283582,,
593,4.87,Ornament1,Object,5.25,2.88,1.490201678,368,subset1,4.714286,5.25,-0.535714,,
594,3.76,Paintbrush1,Object,4.06,2.11,1.702278921,368,subset1,4.467033,4.744565,-0.277532,,
595,3.54,Paper1,Object,4.16,1.86,1.728813932,104,subset4,5.208955,5.545455,-0.3365,,
596,2.99,Paper2,Object,4.09,1.93,1.627385293,368,subset1,4.546875,4.473684,0.073191,,
597,3.67,Paper3,Object,4.24,1.82,1.657242462,104,subset4,3.985075,3.597403,0.387672,,
598,3.28,Paper4,Object,4.09,1.87,1.570044048,145,subset3,3.507463,3.38961,0.117853,,
599,3.99,Paper5,Object,4.36,2.26,1.438489789,145,subset3,3.208791,3.255435,-0.046644,,
600,3.23,Paperclips1,Object,3.99,2.00,1.608416994,104,subset4,3.054945,3.222826,-0.167881,,
601,4.41,Paperclips2,Object,4.58,2.34,1.72907292,368,subset1,4.955224,5.545455,-0.590231,,
602,3.20,Paperclips3,Object,4.05,1.84,1.525705666,145,subset3,3.241758,3.048913,0.192845,,
603,3.48,Paperclips4,Object,4.07,2.08,1.486432897,145,subset3,3.018519,2.6,0.418519,,
604,4.94,Parachuting1,Scene,5.13,4.54,1.234792551,145,subset3,3.802198,3.858696,-0.056498,,
605,5.41,Parachuting2,Person,5.43,4.34,1.340548736,140,subset2,2.833333,3.16,-0.326667,,
606,4.20,Parachuting3,Person,5.39,4.79,1.320562339,140,subset2,2.453125,2.315789,0.137336,,
607,4.86,Parachuting4,Person,4.80,5.21,1.444227003,104,subset4,3.166667,3.16,0.006667,,
608,4.48,Parade1,Person,5.65,3.48,1.404869746,145,subset3,4.453125,4.421053,0.032072,,
609,5.10,Parasailing1,Scene,5.66,3.96,1.657693044,104,subset4,4.824176,5.152174,-0.327998,,
610,4.92,Parasailing2,Person,5.13,4.35,1.3898579,145,subset3,4.686567,4.961039,-0.274472,,
611,4.53,Parasailing3,Scene,5.14,4.27,1.369586172,145,subset3,4.571429,4.983696,-0.412267,,
612,4.83,Parasailing4,Scene,5.31,4.20,1.439138717,140,subset2,5.578125,5.789474,-0.211349,,
613,3.80,Party1,Person,4.52,2.94,1.551049772,140,subset2,3.055556,3.24,-0.184444,,
614,4.90,Path1,Scene,4.81,2.73,1.392932811,368,subset1,4.175824,4.646739,-0.470915,,
615,6.08,Penguins1,Animal,5.66,3.75,1.061532422,368,subset1,4.412088,4.907609,-0.495521,,
616,5.99,Penguins2,Animal,6.21,4.65,1.22466666,145,subset3,4.697802,4.875,-0.177198,,
617,5.30,Performance1,Scene,5.57,3.86,1.326238069,368,subset1,4.862637,4.782609,0.080028,,
618,3.39,Performance2,Scene,4.70,3.49,1.643370937,140,subset2,4.41791,4.480519,-0.062609,,
619,4.55,Phone1,Object,4.51,2.41,1.54698593,140,subset2,4.313187,4.315217,-0.00203,,
620,5.21,Picnic1,Person,6.06,3.73,1.423268678,140,subset2,4.851852,4.98,-0.128148,,
621,4.86,Picnic2,Person,5.91,3.47,1.680373683,104,subset4,4.507463,4.597403,-0.08994,,
622,3.30,Picnic3,Person,4.55,3.27,1.547058759,145,subset3,4.703704,5.38,-0.676296,,
623,4.40,Picnic4,Person,5.03,3.22,1.517018222,104,subset4,5.537037,5.96,-0.422963,,
624,4.12,Pig1,Animal,4.54,3.25,1.466498091,140,subset2,6.12963,6.42,-0.29037,,
625,4.09,Pig2,Animal,4.69,3.20,1.690123089,104,subset4,6.12963,6.56,-0.43037,,
626,4.20,Pigeon1,Animal,4.56,2.43,1.522515852,104,subset4,5.626866,5.506494,0.120372,,
627,4.55,Pigeon2,Animal,4.54,2.28,1.455947861,140,subset2,5.171875,5.355263,-0.183388,,
628,4.89,Pigeon3,Animal,4.63,2.63,1.473846958,368,subset1,4.277778,4.08,0.197778,,
629,4.79,Pigeon4,Animal,5.12,3.21,1.300229247,140,subset2,4.671642,4.61039,0.061252,,
630,4.89,Pigeon5,Animal,4.53,2.51,1.371322045,140,subset2,4.428571,4.581522,-0.152951,,
631,2.12,Pigeon6,Animal,2.32,3.82,1.332722561,145,subset3,4.3125,3.934211,0.378289,,
632,4.99,Pinecone1,Object,4.64,2.07,1.415111193,368,subset1,4.46875,5.197368,-0.728618,,
633,4.61,Pinecone2,Object,4.42,2.13,1.486938652,368,subset1,4.373134,4.649351,-0.276217,,
634,5.39,Pinecone3,Object,5.20,2.42,1.100417893,145,subset3,5.277778,5.3,-0.022222,,
635,4.51,Pinecone4,Object,4.55,2.35,1.547782952,140,subset2,4.089552,4.181818,-0.092266,,
636,3.76,Planecrash1,Object,2.60,4.01,1.788372406,145,subset3,5.12963,5.64,-0.51037,,
637,3.43,Planecrash2,Scene,2.81,3.87,1.575616403,145,subset3,4.335165,4.896739,-0.561574,,
638,3.24,Planecrash3,Scene,2.24,4.13,1.919661688,368,subset1,3.90625,3.789474,0.116776,,
639,3.15,Planecrash4,Object,2.05,4.11,1.714483813,368,subset1,4.234375,4.065789,0.168586,,
640,3.16,Police1,Person,2.59,4.28,1.750717016,368,subset1,4.140625,4.302632,-0.162007,,
641,2.82,Police2,Person,2.39,4.57,1.670790889,104,subset4,4.222222,3.84,0.382222,,
642,3.83,Police3,Person,4.29,3.39,1.581754513,368,subset1,3.835821,3.857143,-0.021322,,
643,2.99,Police4,Person,3.28,3.77,1.535945946,104,subset4,3.888889,3.76,0.128889,,
644,2.38,Police5,Person,2.43,4.04,1.364861482,140,subset2,4.222222,3.92,0.302222,,
645,3.16,Pollution1,Scene,2.48,3.62,1.8386919,104,subset4,5.223881,5.649351,-0.42547,,
646,4.44,Powerlines1,Scene,3.97,2.67,1.614728586,140,subset2,3.368132,3.353261,0.014871,,
647,4.99,Present1,Object,5.51,2.98,1.417035384,368,subset1,3.313433,3.12987,0.183563,,
648,4.84,Present2,Object,5.49,3.09,1.331644045,145,subset3,3.78125,3.671053,0.110197,,
649,4.78,Prison1,Scene,4.03,2.76,1.603579325,368,subset1,4.181319,4.48913,-0.307811,,
650,3.14,Prison2,Object,2.62,3.18,1.668778224,104,subset4,4.375,4.592105,-0.217105,,
651,4.42,Pumpkin1,Object,4.85,2.31,1.464897489,368,subset1,3.785714,3.793478,-0.007764,,
652,4.66,Raccoon1,Animal,3.60,4.12,1.607388756,368,subset1,4.835821,5.064935,-0.229114,,
653,4.79,Rafting1,Person,4.58,4.37,1.341933806,368,subset1,5.015625,5.144737,-0.129112,,
654,4.83,Rafting2,Person,4.82,4.82,1.418896955,368,subset1,3.925926,4.08,-0.154074,,
655,4.43,Rafting3,Person,5.10,4.23,1.470755794,145,subset3,4.247253,4.777174,-0.529921,,
656,4.32,Rafting4,Person,5.58,4.05,1.429699615,368,subset1,5.37037,6.04,-0.66963,,
657,4.91,Rafting5,Person,5.19,4.83,1.387255284,104,subset4,3.402985,3.506494,-0.103509,,
658,4.53,Rafting6,Person,4.99,4.12,1.389720058,145,subset3,3.41791,3.597403,-0.179493,,
659,5.03,Railroad1,Scene,4.26,2.95,1.497290308,104,subset4,4.671875,4.921053,-0.249178,,
660,6.27,Rainbow1,Scene,6.23,4.06,1.184288482,104,subset4,4.554945,5.005435,-0.45049,,
661,6.34,Rainbow2,Scene,6.26,4.90,1.093765003,104,subset4,3.3125,3.328947,-0.016447,,
662,5.56,Research1,Scene,4.49,4.38,1.218354207,145,subset3,3.851852,4.06,-0.208148,,
663,5.27,Road1,Scene,5.06,3.38,1.392905235,140,subset2,2.921875,2.868421,0.053454,,
664,4.18,Rockclimbing1,Person,4.54,4.26,1.439824848,104,subset4,2.910448,2.649351,0.261097,,
665,4.65,Rockclimbing2,Person,4.68,4.64,1.377049152,145,subset3,4.15625,4.223684,-0.067434,,
666,4.50,Rockclimbing3,Person,4.55,4.47,1.371167965,368,subset1,3.592593,3.82,-0.227407,,
667,4.11,Rockclimbing4,Person,4.24,4.23,1.557975206,140,subset2,5.032967,5.070652,-0.037685,,
668,4.86,Rocks1,Object,4.68,2.42,1.537122015,140,subset2,3.247253,3.657609,-0.410356,,
669,4.52,Rocks2,Object,4.31,2.11,1.462886979,145,subset3,3.703704,3.58,0.123704,,
670,4.14,Rocks3,Object,4.31,2.20,1.438456495,145,subset3,3.359375,3.986842,-0.627467,,
671,5.38,Rocks4,Object,4.52,2.18,1.18393371,104,subset4,3.37037,3.94,-0.56963,,
672,4.62,Rocks5,Object,4.48,2.17,1.484686174,368,subset1,3.884615,4.081522,-0.196907,,
673,3.84,Rocks6,Object,4.21,1.85,1.632720414,140,subset2,4.283582,4.090909,0.192673,,
674,4.14,Rocks7,Object,4.31,1.92,1.634041767,140,subset2,5.071429,5.36413,-0.292701,,
675,4.23,Rollercoaster1,Scene,5.45,4.71,1.390320377,140,subset2,5.537037,6,-0.462963,,
676,4.04,Rollercoaster2,Scene,5.37,5.12,1.519600592,104,subset4,5.58209,4.909091,0.672999,,
677,3.84,Rollercoaster3,Scene,5.11,4.40,1.407696415,145,subset3,4.967033,5.206522,-0.239489,,
678,3.83,Roofing1,Object,4.02,2.01,1.591496259,104,subset4,2.609375,2.75,-0.140625,,
679,4.08,Roofing2,Object,4.06,2.13,1.61721508,104,subset4,4.39011,4.701087,-0.310977,,
680,3.38,Roofing3,Object,3.93,2.08,1.723574323,368,subset1,2.626866,2.74026,-0.113394,,
681,3.23,Roofing4,Object,3.57,2.35,1.678064475,145,subset3,4.25,4.328947,-0.078947,,
682,3.72,Roofing5,Object,4.05,1.92,1.662397753,140,subset2,2.71978,2.875,-0.15522,,
683,4.34,Rooster1,Animal,4.32,3.46,1.616382997,368,subset1,2.686567,2.766234,-0.079667,,
684,4.49,Rubberduck1,Object,5.41,3.76,1.579984649,140,subset2,2.059701,1.857143,0.202558,,
685,3.79,Rugby1,Person,4.22,3.98,1.606262087,368,subset1,2.962963,2.8,0.162963,,
686,4.95,Rugby2,Person,5.35,3.07,1.24906095,145,subset3,3.592593,3.54,0.052593,,
687,5.09,Runningaway1,Person,4.58,3.56,1.471482951,140,subset2,4.731343,5.181818,-0.450475,,
688,4.00,Sadface1,Person,2.69,4.34,1.915699066,104,subset4,3.984375,4.710526,-0.726151,,
689,4.51,Sadface2,Person,3.05,4.27,1.691404834,368,subset1,4.346154,4.663043,-0.316889,,
690,3.47,Sadface3,Person,3.14,3.43,1.554809619,145,subset3,4.12963,4.64,-0.51037,,
691,3.53,Sadface4,Person,3.47,2.89,1.527776036,145,subset3,3.820896,3.87013,-0.049234,,
692,4.81,Sadface5,Person,4.33,3.11,1.418766455,140,subset2,4.549451,4.793478,-0.244027,,
693,4.78,Sadface6,Person,3.64,3.76,1.61448543,368,subset1,4.510989,5.195652,-0.684663,,
694,3.32,Sadface7,Person,3.14,3.80,1.61943172,140,subset2,4.119403,4.597403,-0.478,,
695,3.95,Sadface8,Person,2.63,4.16,1.834829204,104,subset4,4.671642,4.844156,-0.172514,,
696,2.89,Sadface9,Person,2.31,4.26,1.534713099,140,subset2,2,1.649351,0.350649,,
697,2.76,Sadpose1,Person,2.88,3.67,1.319068811,145,subset3,4.833333,5.2,-0.366667,,
698,4.19,Sadpose2,Person,3.60,3.29,1.873312876,140,subset2,4.640625,4.473684,0.166941,,
699,3.70,Sadpose3,Person,2.87,3.74,1.889571831,104,subset4,5.149254,5.519481,-0.370227,,
700,3.64,Sadpose4,Person,2.84,3.32,1.711856253,104,subset4,3.62963,3.8,-0.17037,,
701,3.70,Sadpose5,Person,3.12,3.36,1.599010485,140,subset2,4.41791,4.220779,0.197131,,
702,3.64,Sadpose6,Person,3.32,3.19,1.700475486,104,subset4,4.092593,3.96,0.132593,,
703,3.99,Sadpose7,Person,2.74,3.67,1.745337519,368,subset1,4.984375,4.960526,0.023849,,
704,4.17,Sailing1,Scene,4.59,4.46,1.453032237,145,subset3,5.046875,4.934211,0.112664,,
705,5.22,Sailing2,Scene,5.30,4.56,1.254667863,368,subset1,5.19403,5.571429,-0.377399,,
706,5.76,Sailing3,Scene,5.45,3.62,1.119077223,104,subset4,4.731343,5.12987,-0.398527,,
707,5.20,Satellite1,Object,5.07,3.83,1.431782106,145,subset3,4.3125,4.289474,0.023026,,
708,5.08,Scaredcat1,Animal,4.61,4.54,1.498004438,368,subset1,4.850746,5.324675,-0.473929,,
709,2.69,Scaredface1,Person,3.89,3.20,1.484140205,140,subset2,3.362637,2.929348,0.433289,,
710,2.68,Scaredface2,Person,3.77,3.20,1.300125252,145,subset3,2.38806,2.220779,0.167281,,
711,4.29,Scaredface3,Person,3.05,4.12,1.909824763,140,subset2,3.277778,2.62,0.657778,,
712,2.81,Scaredface4,Person,2.97,3.49,1.426970296,368,subset1,5.75,6.184211,-0.434211,,
713,2.75,Scaredface5,Person,3.03,3.70,1.474463342,145,subset3,2.269231,2.130435,0.138796,,
714,1.94,Scaryface1,Person,1.78,4.52,1.316452041,145,subset3,2.90625,2.289474,0.616776,,
715,2.88,Scaryface2,Person,3.04,3.96,1.736572298,104,subset4,2.507463,2.350649,0.156814,,
716,3.57,School1,Person,5.15,3.15,1.512179826,104,subset4,5.148148,5.84,-0.691852,,
717,4.98,School2,Person,5.83,3.96,1.34613111,145,subset3,4.6875,4.710526,-0.023026,,
718,4.38,School3,Person,5.09,3.40,1.694119568,140,subset2,4.532967,5.130435,-0.597468,,
719,4.50,School4,Person,4.56,3.32,1.459720105,368,subset1,4.259259,4.26,-0.000741,,
720,3.86,School5,Person,4.54,2.63,1.499904212,145,subset3,5.453125,5.789474,-0.336349,,
721,4.67,School6,Person,5.61,3.10,1.445857254,368,subset1,4.796875,4.723684,0.073191,,
722,4.86,School7,Person,5.65,3.19,1.526025071,368,subset1,4.296875,4.276316,0.020559,,
723,4.38,School8,Person,5.29,3.34,1.495683444,145,subset3,5.527473,5.945652,-0.418179,,
724,4.74,Seal1,Animal,4.64,3.89,1.39830905,145,subset3,5.21978,5.592391,-0.372611,,
725,1.82,Severedfinger1,Person,1.67,4.37,1.222866427,145,subset3,4.835821,4.558442,0.277379,,
726,5.01,Shark1,Animal,3.76,4.12,1.645796011,104,subset4,4.953125,4.618421,0.334704,,
727,4.55,Shark2,Animal,3.66,4.56,1.606305023,140,subset2,2.671875,2.75,-0.078125,,
728,5.34,Shark3,Animal,3.81,4.34,1.276819564,145,subset3,5.049451,5.375,-0.325549,,
729,3.71,Shark4,Animal,3.08,4.61,1.699075002,104,subset4,5.125,4.934211,0.190789,,
730,4.03,Shark5,Animal,3.60,4.45,1.692110366,104,subset4,5.09375,5.171053,-0.077303,,
731,4.97,Shark6,Animal,3.90,3.94,1.526470783,140,subset2,5.736264,5.804348,-0.068084,,
732,4.99,Shark7,Animal,3.81,4.28,1.429321489,140,subset2,3.9375,4,-0.0625,,
733,5.40,Shark8,Animal,4.07,4.45,1.232657472,145,subset3,4.835821,4.779221,0.0566,,
734,4.95,Shark9,Animal,3.88,4.44,1.396080995,145,subset3,5.428571,5.875,-0.446429,,
735,4.30,Shark10,Animal,3.24,4.47,1.711997445,140,subset2,4.277778,3.88,0.397778,,
736,5.11,Shark11,Animal,3.71,4.36,1.500542686,145,subset3,4.453125,4.657895,-0.20477,,
737,3.15,Shooting1,Person,3.34,4.43,1.714000051,368,subset1,5.379121,5.521739,-0.142618,,
738,2.32,Shot1,Object,2.76,4.22,1.393849379,145,subset3,2.390625,2.368421,0.022204,,
739,2.96,Shot2,Person,3.70,4.12,1.557462941,104,subset4,2.328358,2.506494,-0.178136,,
740,2.21,Shot3,Object,1.92,4.17,1.541703955,368,subset1,2.656716,2.597403,0.059313,,
741,2.57,Shot4,Object,2.55,3.60,1.671353465,140,subset2,5.25,4.539474,0.710526,,
742,2.43,Shot5,Object,3.03,3.71,1.332003647,145,subset3,4.074074,3.46,0.614074,,
743,5.48,Siblings1,Person,6.20,3.98,1.624931779,104,subset4,4.296296,4.22,0.076296,,
744,4.70,Sidewalk1,Object,4.31,2.30,1.585455475,140,subset2,4.611111,4.4,0.211111,,
745,4.83,Sidewalk2,Object,4.57,2.42,1.501637932,368,subset1,5.358209,6.155844,-0.797635,,
746,4.26,Sidewalk3,Object,4.30,2.23,1.507232997,104,subset4,3.46875,2.552632,0.916118,,
747,5.64,Sidewalk4,Object,5.46,3.39,1.253545844,140,subset2,4.265625,3.342105,0.92352,,
748,4.76,Sidewalk5,Object,4.46,1.98,1.502379066,140,subset2,4.314815,3.98,0.334815,,
749,4.29,Sidewalk6,Object,2.83,1.92,1.588111019,140,subset2,4.940299,5.142857,-0.202558,,
750,5.40,Skier1,Person,5.47,4.22,1.266494654,368,subset1,5.131868,5.630435,-0.498567,,
751,4.66,Skijump1,Scene,4.50,3.99,1.439621332,145,subset3,4.921875,4.960526,-0.038651,,
752,4.77,Skijump2,Scene,4.86,4.19,1.353614172,140,subset2,5.37037,5.58,-0.20963,,
753,2.71,Skinhead1,Person,3.06,3.35,1.714456997,140,subset2,5.43956,5.994565,-0.555005,,
754,5.21,Sky1,Scene,4.65,2.87,1.3511936,368,subset1,3.722222,3.56,0.162222,,
755,5.02,Skydiving1,Scene,5.23,4.68,1.4417608,140,subset2,4.34375,4.355263,-0.011513,,
756,5.14,Skydiving2,Person,5.33,4.60,1.352911671,140,subset2,4.425926,4.9,-0.474074,,
757,5.77,Skydiving3,Person,5.08,5.05,1.29699595,368,subset1,2.774725,2.641304,0.133421,,
758,3.97,Skydiving4,Person,5.39,4.40,1.617987279,140,subset2,4.483516,4.467391,0.016125,,
759,4.78,Skydiving5,Person,4.89,5.12,1.440818467,145,subset3,5.044776,5.116883,-0.072107,,
760,4.09,Skyscraper1,Scene,4.13,2.25,1.495044091,104,subset4,3.620879,3.907609,-0.28673,,
761,4.56,Skyscraper2,Scene,4.49,2.89,1.619177846,140,subset2,4.552239,4.571429,-0.01919,,
762,5.45,Sleepypose1,Person,2.59,3.48,1.245174907,368,subset1,3.59375,4.355263,-0.761513,,
763,2.38,Sleepypose2,Person,3.64,2.60,1.327451483,140,subset2,3.656716,3.519481,0.137235,,
764,2.41,Sleepypose3,Person,3.71,2.36,1.331176416,145,subset3,3.888889,4.18,-0.291111,,
765,2.61,Sleepypose4,Person,3.96,2.52,1.514679132,145,subset3,3.092593,3.1,-0.007407,,
766,4.86,Smilingface1,Person,5.64,4.13,1.494405463,140,subset2,2.96875,2.710526,0.258224,,
767,3.78,Snake1,Animal,3.00,4.18,1.683481891,104,subset4,5.03125,5.157895,-0.126645,,
768,4.26,Snake2,Animal,3.08,4.26,1.816831726,104,subset4,4.029851,3.883117,0.146734,,
769,4.51,Snake3,Animal,2.91,4.57,1.859090457,104,subset4,3.296703,3.168478,0.128225,,
770,2.97,Snake4,Animal,2.37,4.80,1.858067601,140,subset2,4.631868,5.021739,-0.389871,,
771,3.76,Snake5,Animal,2.90,4.40,1.797723237,140,subset2,3.923077,4.01087,-0.087793,,
772,4.15,Snake6,Animal,3.11,4.23,1.72232193,104,subset4,3.703125,2.868421,0.834704,,
773,5.03,Snow1,Scene,4.63,2.29,1.572086492,145,subset3,5.104478,5.467532,-0.363054,,
774,5.39,Snow2,Scene,4.55,2.26,1.332067825,368,subset1,4.137363,4.179348,-0.041985,,
775,4.94,Snow3,Scene,4.56,2.34,1.52093983,140,subset2,5.134328,5.207792,-0.073464,,
776,5.47,Snow4,Scene,3.44,2.66,1.441120996,104,subset4,5.5,5.625,-0.125,,
777,5.72,Snow5,Scene,4.82,2.90,1.328505605,368,subset1,5.598901,5.755435,-0.156534,,
778,3.64,Soccer1,Object,4.36,2.45,1.557432972,104,subset4,5.089552,5.272727,-0.183175,,
779,4.35,Soccer2,Object,4.59,2.86,1.512180759,140,subset2,4.104478,4.415584,-0.311106,,
780,2.71,Socks1,Object,4.20,1.90,1.552918287,368,subset1,3.875,3.355263,0.519737,,
781,4.48,Solarpanel1,Scene,5.01,2.73,1.632325741,368,subset1,3.298507,3.727273,-0.428766,,
782,5.09,Soldiers1,Scene,4.16,4.02,1.563104289,145,subset3,2.862637,2.951087,-0.08845,,
783,3.77,Soldiers2,Person,4.01,3.50,1.652576134,368,subset1,4.111111,4.2,-0.088889,,
784,4.56,Soldiers3,Person,4.39,4.46,1.531501905,145,subset3,5.407407,5.48,-0.072593,,
785,4.01,Soldiers4,Scene,4.67,4.29,1.723708686,140,subset2,5.604396,5.880435,-0.276039,,
786,3.57,Soldiers5,Person,4.94,3.39,1.51297074,145,subset3,5.027473,5.347826,-0.320353,,
787,4.03,Soldiers6,Person,4.09,3.43,1.669001974,104,subset4,3.58209,3.688312,-0.106222,,
788,3.10,Soldiers7,Person,2.61,4.08,1.628145832,104,subset4,5.483516,5.597826,-0.11431,,
789,2.83,Soldiers8,Person,2.51,3.93,1.679083585,140,subset2,5.746269,6.337662,-0.591393,,
790,3.93,Soldiers9,Person,3.47,4.67,1.503030145,145,subset3,4.940299,5.077922,-0.137623,,
791,3.23,Soldiers10,Scene,2.60,4.17,1.843984383,368,subset1,6.359375,6.5,-0.140625,,
792,4.83,Soup1,Object,5.05,2.98,1.44429192,368,subset1,6.104478,6.675325,-0.570847,,
793,3.97,Spider1,Animal,3.07,4.02,1.844552474,368,subset1,6.351852,6.64,-0.288148,,
794,3.25,Spider2,Animal,2.90,4.70,2.018351061,140,subset2,6.314815,6.72,-0.405185,,
795,5.31,Statue1,Object,5.33,2.81,1.19905774,145,subset3,5.962963,6.56,-0.597037,,
796,4.16,Statue2,Object,5.04,3.37,1.65581906,368,subset1,5.862637,6.217391,-0.354754,,
797,5.17,Stingray1,Animal,4.54,3.56,1.376109792,145,subset3,2.820896,2.74026,0.080636,,
798,5.56,Stingray2,Animal,4.75,3.73,1.359881369,368,subset1,3.425926,3.38,0.045926,,
799,5.68,Stingray3,Animal,4.53,4.09,1.369698371,368,subset1,2.671875,2.526316,0.145559,,
800,3.59,Storage1,Object,4.02,2.02,1.729541997,140,subset2,2.875,2.881579,-0.006579,,
801,3.51,Storage2,Object,4.01,2.25,1.603456515,145,subset3,3.032967,2.75,0.282967,,
802,2.92,Storage3,Object,3.71,2.55,1.625373022,368,subset1,3.472527,3.217391,0.255136,,
803,4.15,Street1,Scene,4.55,2.66,1.419484597,104,subset4,4.259259,4.3,-0.040741,,
804,5.44,Street2,Scene,4.61,3.16,1.298445098,104,subset4,4.462963,4.52,-0.057037,,
805,5.74,Street3,Scene,5.06,3.31,1.151323777,368,subset1,3.859375,4.328947,-0.469572,,
806,5.19,Street4,Scene,4.88,2.71,1.334208917,368,subset1,4.425926,4.54,-0.114074,,
807,3.62,Street5,Scene,4.05,2.24,1.453295897,145,subset3,5.412088,5.625,-0.212912,,
808,5.54,Sun1,Object,4.42,4.50,1.548020967,368,subset1,6.197802,6.505435,-0.307633,,
809,6.07,Sunflower1,Scene,5.87,3.83,0.99760249,145,subset3,5.240741,5.78,-0.539259,,
810,6.44,Sunset1,Scene,6.07,3.77,0.731714398,140,subset2,5.552239,5.493506,0.058733,,
811,6.41,Sunset2,Scene,6.01,4.11,1.017801327,145,subset3,5.90625,6.065789,-0.159539,,
812,6.49,Sunset3,Scene,6.12,3.71,1.023938639,104,subset4,2.417582,2.211957,0.205625,,
813,6.51,Sunset4,Scene,6.11,4.32,0.924270295,104,subset4,6.234375,5.894737,0.339638,,
814,6.25,Sunset5,Scene,5.88,3.54,1.02161114,104,subset4,5.734375,5.934211,-0.199836,,
815,6.04,Sunset6,Scene,5.81,3.33,1.181589687,368,subset1,5.828125,5.842105,-0.01398,,
816,2.79,Surgery1,Person,2.91,4.39,1.532908487,145,subset3,5.907407,6.38,-0.472593,,
817,3.40,Surgery2,Person,4.00,3.72,1.743332546,104,subset4,5.722222,6.02,-0.297778,,
818,2.59,Surgery3,Person,3.68,3.91,1.497702935,140,subset2,5.835165,6.179348,-0.344183,,
819,2.88,Surgery4,Person,3.49,3.89,1.56153336,140,subset2,3.472527,3.994565,-0.522038,,
820,3.36,Surgery5,Person,3.99,4.17,1.639404796,368,subset1,5.656716,6.038961,-0.382245,,
821,4.28,Surprise1,Person,4.69,4.07,1.542011867,104,subset4,5.656716,6.012987,-0.356271,,
822,4.49,Surprise2,Person,5.29,3.64,1.683703686,104,subset4,4.238806,4.38961,-0.150804,,
823,4.11,Swimming1,Person,5.06,3.62,1.394159009,140,subset2,5.328358,5.571429,-0.243071,,
824,4.48,Swingset1,Object,4.31,2.71,1.427747015,104,subset4,4.059701,4.12987,-0.070169,,
825,5.52,Thunderstorm1,Scene,3.17,4.55,1.41796778,368,subset1,3.567164,4.012987,-0.445823,,
826,6.35,Thunderstorm2,Scene,5.06,4.55,1.069492598,368,subset1,3.895522,3.727273,0.168249,,
827,5.50,Thunderstorm3,Scene,3.96,4.68,1.292247234,104,subset4,3.796296,3.58,0.216296,,
828,5.50,Thunderstorm4,Scene,3.45,4.64,1.532627274,145,subset3,2.578125,2.157895,0.42023,,
829,5.99,Thunderstorm5,Scene,4.75,4.52,1.289115633,140,subset2,2.343284,2.233766,0.109518,,
830,6.05,Thunderstorm6,Scene,4.51,4.51,1.068347746,140,subset2,3.450549,3.347826,0.102723,,
831,5.84,Thunderstorm7,Scene,4.49,4.16,1.310013612,140,subset2,3.171875,2.526316,0.645559,,
832,5.84,Thunderstorm8,Scene,4.37,4.74,1.322797963,140,subset2,4.445055,4.565217,-0.120162,,
833,6.13,Thunderstorm9,Scene,4.61,4.75,1.199171982,104,subset4,5.078125,5.118421,-0.040296,,
834,5.87,Thunderstorm10,Scene,4.37,4.41,1.38688512,104,subset4,2.25,2.276316,-0.026316,,
835,6.01,Thunderstorm11,Scene,3.94,4.41,1.171864918,368,subset1,4.818681,5.298913,-0.480232,,
836,3.74,Tickling1,Person,5.36,3.88,1.646921052,368,subset1,5.425926,5.92,-0.494074,,
837,5.86,Tiger1,Animal,4.74,4.90,1.084106709,145,subset3,5.298507,5.61039,-0.311883,,
838,5.86,Tiger2,Animal,5.39,4.40,1.060524702,145,subset3,3.907407,3.94,-0.032593,,
839,4.32,Timber1,Object,3.83,2.67,1.602440667,145,subset3,5.283582,5.662338,-0.378756,,
840,4.11,Timber2,Object,4.33,2.11,1.500542686,145,subset3,1.671642,1.38961,0.282032,,
841,3.79,Timber3,Object,4.12,2.29,1.517932401,145,subset3,5.208955,5.532468,-0.323513,,
842,3.79,Timber4,Object,4.30,2.27,1.558563048,145,subset3,5.5,4.986842,0.513158,,
843,3.69,Toast1,Person,4.80,3.67,1.58926571,104,subset4,6.046875,5.986842,0.060033,,
844,2.35,Toilet1,Object,3.80,2.36,1.473629103,140,subset2,3.059701,2.623377,0.436324,,
845,2.28,Toilet2,Object,3.65,2.29,1.266462476,145,subset3,3.015625,3.447368,-0.431743,,
846,3.40,Toilet3,Object,3.83,2.37,1.769002136,368,subset1,2.746269,2.675325,0.070944,,
847,2.82,Toilet4,Object,2.53,3.16,1.905191156,140,subset2,3.082418,3.070652,0.011766,,
848,4.51,Tornado1,Scene,2.10,5.06,1.771660089,368,subset1,3.5,2.92,0.58,,
849,5.10,Tornado2,Scene,3.52,4.72,1.808453372,140,subset2,2.791045,2.688312,0.102733,,
850,5.06,Tornado3,Scene,2.66,4.68,1.468842276,368,subset1,2.328125,2.092105,0.23602,,
851,5.66,Tornado4,Scene,2.70,5.14,1.340993523,104,subset4,3.296296,3,0.296296,,
852,5.45,Tornado5,Scene,3.25,4.28,1.338173685,145,subset3,3.648148,3.6,0.048148,,
853,3.92,Torturechamber1,Object,3.36,3.25,1.755392843,104,subset4,3.761194,3.623377,0.137817,,
854,5.49,Traffic1,Scene,4.62,4.23,1.323490972,145,subset3,4.58209,4.220779,0.361311,,
855,1.52,Tumor1,Person,1.40,4.94,1.184995595,145,subset3,2.453125,2.197368,0.255757,,
856,5.39,Volcano1,Scene,3.75,3.98,1.400328369,145,subset3,2.609375,2.710526,-0.101151,,
857,5.22,Volcano2,Scene,2.64,5.24,1.730254928,140,subset2,3.018519,2.92,0.098519,,
858,6.01,Volcano3,Scene,4.39,4.06,1.086117197,140,subset2,4.149254,3.714286,0.434968,,
859,2.81,Wall1,Object,4.08,1.80,1.576679911,145,subset3,5.343284,5.857143,-0.513859,,
860,2.70,Wall2,Object,4.03,1.69,1.542563424,145,subset3,3.61194,3.363636,0.248304,,
861,3.08,Wall3,Object,4.06,1.81,1.678161012,368,subset1,4.648352,4.809783,-0.161431,,
862,3.22,Wall4,Object,3.99,1.83,1.700695065,104,subset4,5.298507,5.480519,-0.182012,,
863,2.72,Wall5,Object,3.99,1.84,1.596362004,145,subset3,4.625,5.131579,-0.506579,,
864,2.20,War1,Person,1.76,5.00,1.555681164,140,subset2,5.298507,5.688312,-0.389805,,
865,3.15,War2,Scene,2.40,4.58,1.826287181,104,subset4,5.351648,5.690217,-0.338569,,
866,3.63,War3,Person,3.46,4.31,1.702011945,104,subset4,5.38806,5.415584,-0.027524,,
867,3.68,War4,Person,2.97,4.78,1.619682576,145,subset3,3.037037,3.02,0.017037,,
868,4.40,War5,Scene,2.46,4.39,1.811997057,145,subset3,4.481481,4.86,-0.378519,,
869,2.31,War6,Person,1.39,5.02,1.734481924,140,subset2,4.796703,4.880435,-0.083732,,
870,2.97,War7,Person,3.18,4.25,1.639658565,104,subset4,4.970149,5.038961,-0.068812,,
871,3.93,War8,Scene,1.72,5.14,1.793720421,145,subset3,5.016484,5.483696,-0.467212,,
872,5.61,Waterfall1,Scene,5.43,4.01,1.297359535,145,subset3,4.6875,5.263158,-0.575658,,
873,3.46,Weapon1,Object,2.84,3.80,1.594350659,145,subset3,4.166667,4.74,-0.573333,,
874,4.73,Wedding1,Person,5.67,4.10,1.480873598,368,subset1,5.40625,5.631579,-0.225329,,
875,5.37,Wedding2,Person,5.78,3.84,1.189151151,145,subset3,3.940299,3.896104,0.044195,,
876,4.90,Wedding3,Person,5.78,4.11,1.475458714,140,subset2,5.567164,5.857143,-0.289979,,
877,5.50,Wedding4,Object,5.81,3.12,1.185116836,145,subset3,4.648352,4.847826,-0.199474,,
878,5.52,Wedding5,Person,5.74,4.20,1.30585152,368,subset1,2.925373,3.194805,-0.269432,,
879,5.39,Wedding6,Person,6.00,3.92,1.270916947,145,subset3,4.833333,4.74,0.093333,,
880,4.66,Wedding7,Object,5.28,3.25,1.465530004,104,subset4,3.734375,3.802632,-0.068257,,
881,4.84,Wedding8,Object,5.63,3.86,1.420190523,368,subset1,3.9375,3.789474,0.148026,,
882,4.99,Wedding9,Person,5.76,4.05,1.371822347,145,subset3,3.740741,3.78,-0.039259,,
883,5.25,Wedding10,Person,5.79,4.16,1.374641179,368,subset1,4.179104,4.090909,0.088195,,
884,5.00,Wedding11,Object,5.02,3.49,1.156775474,140,subset2,5.12963,4.72,0.40963,,
885,4.44,Wedding12,Scene,4.90,2.50,1.473565935,104,subset4,3.546875,3.934211,-0.387336,,
886,5.53,Weddingring1,Object,5.75,3.66,1.271960234,140,subset2,5.119403,5.38961,-0.270207,,
887,3.90,Windmill1,Object,3.17,2.54,1.314048758,145,subset3,5.747253,5.771739,-0.024486,,
888,5.72,Wolf1,Animal,5.46,4.27,1.109951502,145,subset3,5.296875,5.421053,-0.124178,,
889,4.75,Wolf2,Animal,3.09,4.67,1.655226453,368,subset1,4.444444,4.38,0.064444,,
890,4.79,Woods1,Scene,3.78,3.17,1.733020691,104,subset4,3.671642,3.896104,-0.224462,,
891,3.77,Yarn1,Object,2.60,1.87,1.752050626,140,subset2,5.483516,5.983696,-0.50018,,
892,3.86,Yarn2,Object,4.11,2.17,1.543477474,140,subset2,4.362637,5.125,-0.762363,,
893,3.76,Yarn3,Object,4.30,1.94,1.49753968,104,subset4,3.078125,3.236842,-0.158717,,
894,4.12,Yarn4,Object,4.20,1.98,1.406845606,145,subset3,3.462687,3.272727,0.18996,,
895,4.93,Yoga1,Person,5.56,3.47,1.436449392,104,subset4,4.17033,3.63587,0.53446,,
896,3.76,Yoga2,Person,3.09,3.13,1.535533224,140,subset2,3.888889,3.68,0.208889,,
897,5.26,Yoga3,Person,5.49,3.64,1.171296233,145,subset3,5.989011,6.293478,-0.304467,,
898,5.76,Yoga4,Person,5.73,3.99,1.164267663,368,subset1,4.671875,5.157895,-0.48602,,
899,5.36,Yoga5,Person,3.45,3.30,1.21270679,140,subset2,4.955224,5.350649,-0.395425,,
900,5.73,Zebra1,Animal,5.81,3.57,1.169436127,368,subset1,5.40625,5.5,-0.09375,,